,Id,fixed.acidity,volatile.acidity,citric.acid,residual.sugar,chlorides,free.sulfur.dioxide,total.sulfur.dioxide,density,pH,sulphates,alcohol,Quality
0,1,7.3,0.25,0.36,13.1,0.05,35.0,200.0,0.9986,3.04,0.46,8.9,1
1,11,6.0,0.28,0.52,6.2,28.0,37.0,104.0,0.99161,3.28,0.51,11.8,1
2,12,8.5,0.28,0.34,13.8,41.0,32.0,161.0,0.9981,3.13,0.4,9.9,1
3,16,6.4,0.18,0.28,17.05,47.0,53.0,139.0,0.99724,3.25,0.35,10.5,1
4,17,7.0,0.17,0.37,1.5,28.0,26.0,75.0,0.9922,3.3,0.46,10.8,1
5,23,5.5,0.18,0.22,5.5,37.0,10.0,86.0,0.99156,3.46,0.44,12.2,1
6,25,7.0,0.21,0.42,5.3,37.0,36.0,123.0,0.99321,3.14,0.52,10.9,1
7,27,7.0,0.34,0.39,6.9,66.0,43.0,162.0,0.99561,3.11,0.53,9.5,1
8,31,6.7,0.16,0.32,12.5,35.0,18.0,156.0,0.99666,2.88,0.36,9.0,1
9,32,7.3,0.22,0.37,15.5,48.0,70.0,203.0,0.99899,3.25,0.77,9.4,1
10,39,6.7,0.29,0.49,4.7,34.0,35.0,156.0,0.9945,3.13,0.45,9.9,1
11,42,6.6,0.32,0.22,16.7,46.0,38.0,133.0,0.9979,3.22,0.67,10.4,1
12,49,6.6,0.16,0.3,1.6,34.0,15.0,78.0,0.992,3.38,0.44,11.2,1
13,54,7.1,0.31,0.5,14.5,59.0,6.0,148.0,0.9983,2.94,0.44,9.1,1
14,55,6.8,0.16,0.29,10.4,46.0,59.0,143.0,0.99518,3.2,0.4,10.8,1
15,56,8.0,0.19,0.36,1.8,0.05,16.0,84.0,0.9936,3.15,0.45,9.8,1
16,57,7.8,0.26,0.27,1.9,51.0,52.0,195.0,0.9928,3.23,0.5,10.9,1
17,60,5.6,0.46,0.24,4.8,42.0,24.0,72.0,0.9908,3.29,0.37,12.6,1
18,68,8.6,0.31,0.3,0.9,45.0,16.0,109.0,0.99249,2.95,0.39,10.1,1
19,74,7.2,0.23,0.32,8.5,58.0,47.0,186.0,0.9956,3.19,0.4,9.9,1
20,76,7.0,0.21,0.28,7.5,0.07,45.0,185.0,0.9966,3.34,0.55,9.4,1
21,82,6.5,0.29,0.25,2.5,142.0,8.0,111.0,0.9927,3.0,0.44,9.9,1
22,84,6.5,0.25,0.27,17.4,64.0,29.0,140.0,0.99776,3.2,0.49,10.1,1
23,86,6.6,0.22,0.53,15.1,52.0,22.0,136.0,0.9986,2.94,0.35,9.4,1
24,89,7.0,0.55,0.05,8.0,36.0,19.0,164.0,0.99269,3.26,0.46,12.2,1
25,90,8.7,0.23,0.32,13.4,44.0,35.0,169.0,0.99975,3.12,0.47,8.8,1
26,97,5.5,0.17,0.23,2.9,39.0,10.0,108.0,0.99243,3.28,0.5,10.0,1
27,103,6.7,0.17,0.27,1.4,32.0,39.0,149.0,0.99254,3.4,0.52,10.5,1
28,105,7.7,0.42,0.38,8.1,61.0,49.0,144.0,0.9966,3.4,0.58,11.0,1
29,106,6.0,0.29,0.27,2.3,44.0,20.0,117.0,0.9895,3.31,0.41,12.7,1
30,114,6.4,0.24,0.27,1.5,0.04,35.0,105.0,0.98914,3.13,0.3,12.4,1
31,121,9.7,0.24,0.49,4.9,32.0,3.0,18.0,0.99368,2.85,0.54,10.0,1
32,122,7.9,0.28,0.49,7.7,45.0,48.0,195.0,0.9954,3.04,0.55,11.0,1
33,128,7.0,0.23,0.36,7.1,28.0,31.0,104.0,0.9922,3.35,0.47,12.1,1
34,129,5.9,0.29,0.25,12.0,57.0,48.0,224.0,0.9981,3.23,0.41,9.0,1
35,131,6.1,0.27,0.25,1.8,41.0,9.0,109.0,0.9929,3.08,0.54,9.0,1
36,132,5.5,0.23,0.19,2.2,44.0,39.0,161.0,0.99209,3.19,0.43,10.4,1
37,136,7.8,0.17,0.5,1.3,45.0,35.0,140.0,0.9904,3.16,0.4,12.0,1
38,139,6.0,0.17,0.33,6.0,36.0,30.0,111.0,0.99362,3.32,0.58,10.1333333333333,1
39,141,6.9,0.25,0.24,3.6,57.0,13.0,85.0,0.9942,2.99,0.48,9.5,1
40,145,5.4,0.15,0.32,2.5,37.0,10.0,51.0,0.98878,3.04,0.58,12.6,1
41,152,8.2,0.25,0.46,3.75,0.05,14.0,102.0,0.99524,3.28,0.58,9.7,1
42,156,7.0,0.24,0.25,1.7,42.0,48.0,189.0,0.992,3.25,0.42,11.4,1
43,175,6.1,0.17,0.42,15.1,33.0,28.0,124.0,0.99684,2.87,0.47,9.5,1
44,176,5.7,0.28,0.28,2.2,19.0,15.0,65.0,0.9902,3.06,0.52,11.2,1
45,185,6.8,0.26,0.44,8.2,46.0,52.0,183.0,0.99584,3.2,0.51,9.4,1
46,187,7.2,0.18,0.31,1.1,45.0,20.0,73.0,0.9925,3.32,0.4,10.8,1
47,190,5.7,0.18,0.26,2.2,23.0,21.0,95.0,0.9893,3.07,0.54,12.3,1
48,198,6.7,0.34,0.4,2.1,33.0,34.0,111.0,0.98924,2.97,0.48,12.2,1
49,199,5.8,0.23,0.31,4.5,46.0,42.0,124.0,0.99324,3.31,0.64,10.8,1
50,203,7.2,0.26,0.4,6.3,47.0,52.0,172.0,0.99573,3.18,0.53,9.5,1
51,204,6.3,0.41,0.16,0.9,32.0,25.0,98.0,0.99274,3.16,0.42,9.5,1
52,206,6.8,0.29,0.32,1.8,32.0,18.0,130.0,0.99095,3.05,0.62,11.2,1
53,208,5.7,0.21,0.24,2.3,47.0,60.0,189.0,0.995,3.65,0.72,10.1,1
54,217,7.8,0.21,0.49,1.2,36.0,20.0,99.0,0.99,3.05,0.28,12.1,1
55,224,6.8,0.25,0.24,1.6,45.0,39.0,164.0,0.99402,3.53,0.58,10.8,1
56,225,6.8,0.21,0.27,2.1,0.03,26.0,139.0,0.99,3.16,0.61,12.6,1
57,230,5.7,0.22,0.2,16.0,44.0,41.0,113.0,0.99862,3.22,0.46,8.9,1
58,236,6.1,0.34,0.46,4.7,29.0,21.0,94.0,0.991,3.29,0.62,12.3,1
59,237,7.7,0.32,0.62,10.6,36.0,56.0,153.0,0.9978,3.13,0.44,8.9,1
60,240,6.6,0.17,0.26,7.4,52.0,45.0,128.0,0.99388,3.16,0.37,10.0,1
61,241,6.2,0.33,0.14,4.8,52.0,27.0,128.0,0.99475,3.21,0.48,9.4,1
62,242,6.6,0.17,0.35,2.6,0.03,33.0,78.0,0.99146,3.22,0.72,11.3,1
63,246,6.2,0.3,0.21,1.1,32.0,31.0,111.0,0.9889,2.97,0.42,12.2,1
64,247,8.0,0.22,0.28,14.0,53.0,83.0,197.0,0.9981,3.14,0.45,9.8,1
65,253,6.6,0.34,0.18,6.4,82.0,47.0,240.0,0.9971,3.42,0.48,9.2,1
66,254,8.1,0.43,0.42,6.6,33.0,36.0,141.0,0.9918,2.98,0.39,13.3,1
67,256,6.8,0.34,0.36,8.9,29.0,44.0,128.0,0.99318,3.28,0.35,11.95,1
68,260,6.4,0.26,0.26,1.1,52.0,22.0,176.0,0.99304,3.09,0.54,9.3,1
69,265,6.4,0.17,0.34,1.5,93.0,43.0,136.0,0.9938,3.25,0.49,9.6,1
70,269,6.9,0.24,0.33,1.7,35.0,47.0,136.0,0.99,3.26,0.4,12.6,1
71,272,7.2,0.32,0.36,2.0,33.0,37.0,114.0,0.9906,3.1,0.71,12.3,1
72,277,6.0,0.19,0.37,9.7,32.0,17.0,50.0,0.9932,3.08,0.66,12.0,1
73,285,5.3,0.58,0.07,6.9,43.0,34.0,149.0,0.9944,3.34,0.57,9.7,1
74,286,6.5,0.32,0.12,11.5,33.0,35.0,165.0,0.9974,3.22,0.32,9.0,1
75,290,6.2,0.36,0.38,3.2,31.0,20.0,89.0,0.98956,3.06,0.33,12.0,1
76,292,7.2,0.39,0.62,11.0,47.0,66.0,178.0,0.9976,3.16,0.5,8.7,1
77,300,5.4,0.3,0.3,1.2,29.0,25.0,93.0,0.98742,3.31,0.4,13.6,1
78,301,6.8,0.14,0.18,1.4,47.0,30.0,90.0,0.99164,3.27,0.54,11.2,1
79,305,6.1,0.32,0.28,6.6,21.0,29.0,132.0,0.99188,3.15,0.36,11.45,1
80,312,7.1,0.22,0.32,16.9,56.0,49.0,158.0,0.9998,3.37,0.38,9.6,1
81,315,9.0,0.22,0.49,10.4,48.0,52.0,195.0,0.9987,3.31,0.44,10.2,1
82,318,7.0,0.17,0.33,4.0,34.0,17.0,127.0,0.9934,3.19,0.39,10.6,1
83,320,8.6,0.31,0.3,0.9,45.0,16.0,109.0,0.99249,2.95,0.39,10.1,1
84,331,6.0,0.21,0.34,2.0,42.0,63.0,123.0,0.99052,3.44,0.42,11.4,1
85,334,6.8,0.21,0.62,6.4,41.0,7.0,113.0,0.99358,2.96,0.59,10.2,1
86,341,7.7,0.3,0.42,14.3,45.0,45.0,213.0,0.9991,3.18,0.63,9.2,1
87,346,7.2,0.25,0.28,14.4,55.0,55.0,205.0,0.9986,3.12,0.38,9.0,1
88,351,6.5,0.46,0.41,16.8,84.0,59.0,222.0,0.9993,3.18,0.58,9.0,1
89,353,7.2,0.34,0.3,8.4,51.0,40.0,167.0,0.99756,3.48,0.62,9.7,1
90,355,6.3,0.25,0.22,3.3,48.0,41.0,161.0,0.99256,3.16,0.5,10.5,1
91,361,7.1,0.26,0.34,14.4,67.0,35.0,189.0,0.9986,3.07,0.53,9.1,1
92,366,5.7,0.22,0.22,16.65,44.0,39.0,110.0,0.99855,3.24,0.48,9.0,1
93,367,6.9,0.36,0.34,4.2,18.0,57.0,119.0,0.9898,3.28,0.36,12.7,1
94,368,6.8,0.22,0.31,1.4,53.0,34.0,114.0,0.9929,3.39,0.77,10.6,1
95,369,6.1,0.26,0.25,2.9,47.0,289.0,440.0,0.99314,3.44,0.64,10.5,1
96,376,7.2,0.34,0.2,5.8,62.0,52.0,203.0,0.99461,3.17,0.44,9.8,1
97,377,6.7,0.29,0.45,14.3,54.0,30.0,181.0,0.99869,3.14,0.57,9.1,1
98,380,6.3,0.28,0.22,9.5,0.04,30.0,111.0,0.99338,3.05,0.31,10.8,1
99,384,5.0,0.33,0.18,4.6,32.0,40.0,124.0,0.99114,3.18,0.4,11.0,1
100,386,6.0,0.13,0.36,1.6,52.0,23.0,72.0,0.98974,3.1,0.5,11.5,1
101,387,7.3,0.25,0.36,2.1,34.0,30.0,177.0,0.99085,3.25,0.4,11.9,1
102,395,6.8,0.32,0.23,3.3,26.0,31.0,99.0,0.9896,3.1,0.4,12.4,1
103,399,6.4,0.1,0.35,4.9,48.0,31.0,103.0,0.9947,3.43,0.79,9.7,1
104,400,5.9,0.22,0.18,6.4,41.0,28.0,120.0,0.99403,3.27,0.5,9.9,1
105,406,7.7,0.26,0.34,6.4,0.05,36.0,163.0,0.9937,3.19,0.7,11.5,1
106,407,6.7,0.33,0.34,7.5,36.0,39.0,124.0,0.99123,2.99,0.32,12.4,1
107,410,6.9,0.28,0.41,1.4,16.0,6.0,55.0,0.98876,3.16,0.4,13.4,1
108,411,5.3,0.165,0.24,1.1,51.0,25.0,105.0,0.9925,3.32,0.47,9.1,1
109,414,6.5,0.39,0.35,1.6,49.0,10.0,164.0,0.99516,3.35,0.51,9.7,1
110,415,7.3,0.24,0.39,3.6,24.0,35.0,116.0,0.9928,3.17,0.51,10.9,1
111,423,9.6,0.655,0.21,2.0,39.0,21.0,120.0,0.99188,3.0,1.0,12.6,1
112,429,7.0,0.27,0.41,18.75,42.0,34.0,157.0,1.0002,2.96,0.5,9.1,1
113,430,5.9,0.12,0.27,4.8,0.03,40.0,110.0,0.99226,3.55,0.68,12.1,1
114,432,7.3,0.51,0.29,11.3,34.0,61.0,224.0,0.99683,3.14,0.56,9.5,1
115,435,8.3,0.4,0.38,1.1,38.0,15.0,75.0,0.9934,3.03,0.43,9.2,1
116,439,6.6,0.52,0.44,12.2,48.0,54.0,245.0,0.9975,3.26,0.54,9.3,1
117,442,6.4,0.22,0.34,1.4,23.0,56.0,115.0,0.98958,3.18,0.7,11.7,1
118,443,5.9,0.44,0.33,1.2,49.0,12.0,117.0,0.99134,3.46,0.44,11.5,1
119,446,6.0,0.35,0.46,0.9,33.0,9.0,65.0,0.98934,3.24,0.35,12.1,1
120,447,6.4,0.32,0.31,1.9,37.0,34.0,126.0,0.99,3.06,0.45,11.8,1
121,449,8.6,0.16,0.49,7.3,43.0,9.0,63.0,0.9953,3.13,0.59,10.5,1
122,458,5.1,0.21,0.28,1.4,47.0,48.0,148.0,0.99168,3.5,0.49,10.4,1
123,459,6.8,0.67,0.3,13.0,0.29,22.0,193.0,0.9984,3.08,0.67,9.0,1
124,463,7.3,0.29,0.37,8.3,44.0,45.0,227.0,0.9966,3.12,0.47,9.0,1
125,482,7.2,0.16,0.29,1.0,31.0,40.0,123.0,0.98958,3.12,0.4,12.1,1
126,483,6.5,0.19,0.32,1.4,0.04,31.0,132.0,0.9922,3.36,0.54,10.8,1
127,496,7.0,0.23,0.28,2.7,53.0,16.0,92.0,0.99372,3.18,0.56,9.3,1
128,505,7.1,0.26,0.49,2.2,32.0,31.0,113.0,0.9903,3.37,0.42,12.9,1
129,506,6.9,0.22,0.37,15.0,53.0,59.0,178.0,0.9992,3.37,0.82,9.5,1
130,509,6.2,0.2,0.25,15.0,55.0,8.0,120.0,0.99767,3.19,0.53,9.6,1
131,512,6.8,0.15,0.3,5.3,0.05,40.0,127.0,0.9942,3.4,0.39,9.7,1
132,514,6.9,0.16,0.3,9.6,57.0,50.0,185.0,0.9978,3.39,0.38,9.6,1
133,521,6.4,0.15,0.31,1.1,44.0,25.0,96.0,0.9932,3.54,0.51,10.3,1
134,522,6.4,0.105,0.29,1.1,35.0,44.0,140.0,0.99142,3.17,0.55,10.7,1
135,523,6.7,0.13,0.28,1.2,46.0,35.0,140.0,0.9927,3.33,0.33,10.1,1
136,529,6.6,0.32,0.36,8.0,47.0,57.0,168.0,0.9949,3.15,0.46,9.6,1
137,531,6.9,0.37,0.23,9.5,57.0,54.0,166.0,0.99568,3.23,0.42,10.0,1
138,532,6.3,0.37,0.28,6.3,34.0,45.0,152.0,0.9921,3.29,0.46,11.6,1
139,533,9.9,1.005,0.46,1.4,46.0,34.0,185.0,0.9966,3.02,0.49,10.2,1
140,534,7.0,0.48,0.12,4.5,0.05,23.0,86.0,0.99398,2.86,0.35,9.0,1
141,539,7.5,0.23,0.35,17.8,58.0,128.0,212.0,1.00241,3.44,0.43,8.9,1
142,548,6.3,0.18,0.24,3.4,53.0,20.0,119.0,0.99373,3.11,0.52,9.2,1
143,552,5.0,0.31,0.0,6.4,46.0,43.0,166.0,0.994,3.3,0.63,9.9,1
144,553,6.1,0.27,0.31,1.5,35.0,17.0,83.0,0.99076,3.32,0.44,11.1,1
145,554,6.1,0.21,0.3,6.3,39.0,47.0,136.0,0.99068,3.27,0.31,12.7,1
146,555,6.6,0.22,0.28,12.05,58.0,25.0,125.0,0.99856,3.45,0.45,9.4,1
147,560,6.2,0.27,0.43,7.8,56.0,48.0,244.0,0.9956,3.1,0.51,9.0,1
148,562,6.9,0.19,0.38,1.15,23.0,30.0,105.0,0.99047,3.11,0.38,11.4,1
149,565,6.0,0.11,0.47,10.6,52.0,69.0,148.0,0.9958,2.91,0.34,9.3,1
150,567,7.9,0.18,0.37,3.0,61.0,25.0,178.0,0.995,3.22,0.51,10.0,1
151,569,7.4,0.34,0.3,14.9,37.0,70.0,169.0,0.99698,3.25,0.37,10.4,1
152,571,6.3,0.695,0.55,12.9,56.0,58.0,252.0,0.99806,3.29,0.49,8.7,1
153,572,7.4,0.25,0.37,2.6,0.05,24.0,132.0,0.99138,3.04,0.53,11.2,1
154,573,9.0,0.26,0.34,6.7,29.0,21.0,162.0,0.99497,3.08,0.5,10.6,1
155,574,7.0,0.24,0.47,1.3,43.0,18.0,131.0,0.99176,3.19,0.45,11.0,1
156,575,5.3,0.23,0.56,0.9,41.0,46.0,141.0,0.99119,3.16,0.62,9.7,1
157,579,6.6,0.26,0.27,1.5,0.04,19.0,114.0,0.99295,3.36,0.62,10.5,1
158,580,6.8,0.2,0.27,1.2,34.0,19.0,68.0,0.9902,3.14,0.37,11.7,1
159,586,8.3,0.18,0.37,1.2,49.0,6.0,94.0,0.9937,3.18,0.52,10.1,1
160,591,5.7,0.27,0.16,9.0,53.0,32.0,111.0,0.99474,3.36,0.37,10.4,1
161,593,6.8,0.34,0.27,5.2,0.06,14.0,169.0,0.99252,3.27,0.57,11.6,1
162,598,6.3,0.36,0.28,2.5,35.0,18.0,73.0,0.98868,3.1,0.47,12.8,1
163,599,6.4,0.32,0.23,16.2,55.0,36.0,176.0,0.9986,3.26,0.54,9.1,1
164,600,7.1,0.37,0.67,10.5,45.0,49.0,155.0,0.9975,3.16,0.44,8.7,1
165,601,6.6,0.38,0.28,2.8,43.0,17.0,67.0,0.98924,3.21,0.47,13.2,1
166,611,6.5,0.46,0.31,5.0,27.0,15.0,72.0,0.99165,3.26,0.6,11.5,1
167,616,7.2,0.27,0.28,15.2,46.0,6.0,41.0,0.99665,3.17,0.39,10.9,1
168,617,5.1,0.35,0.26,6.8,34.0,36.0,120.0,0.99188,3.38,0.4,11.5,1
169,621,6.6,0.39,0.22,4.0,38.0,17.0,98.0,0.99018,3.25,0.53,13.0,1
170,625,6.4,0.25,0.32,5.5,49.0,41.0,176.0,0.995,3.19,0.68,9.2,1
171,626,6.6,0.21,0.39,2.3,41.0,31.0,102.0,0.99221,3.22,0.58,10.9,1
172,632,7.4,0.36,0.23,1.9,17.0,31.0,69.0,0.9892,2.93,0.36,12.5,1
173,634,6.5,0.23,0.39,1.9,36.0,41.0,98.0,0.99,3.19,0.43,11.9,1
174,640,6.4,0.15,0.36,1.8,34.0,43.0,150.0,0.9922,3.42,0.69,11.0,1
175,643,7.4,0.25,0.29,6.8,0.02,31.0,113.0,0.99338,3.13,0.29,10.8,1
176,645,6.0,0.36,0.39,3.2,27.0,20.0,125.0,0.991,3.38,0.39,11.3,1
177,648,6.0,0.27,0.31,5.0,43.0,54.0,170.0,0.9924,3.28,0.52,11.0,1
178,650,6.5,0.3,0.39,7.8,38.0,61.0,219.0,0.9959,3.19,0.5,9.4,1
179,659,7.1,0.22,0.32,16.9,56.0,49.0,158.0,0.9998,3.37,0.38,9.6,1
180,661,7.7,0.24,0.3,1.4,41.0,15.0,102.0,0.9929,3.26,0.53,10.4,1
181,664,6.8,0.22,0.31,6.9,37.0,33.0,121.0,0.99176,3.02,0.39,11.9,1
182,669,7.4,0.2,0.28,9.1,47.0,29.0,95.0,0.99532,3.16,0.47,9.8,1
183,672,7.8,0.24,0.38,2.1,58.0,14.0,167.0,0.994,3.21,0.55,9.9,1
184,675,7.7,0.49,1.0,19.6,0.03,28.0,135.0,0.9973,3.24,0.4,12.0,1
185,676,6.8,0.32,0.3,1.0,49.0,22.0,113.0,0.99289,3.24,0.61,10.2,1
186,681,9.7,0.24,0.49,4.9,32.0,3.0,18.0,0.99368,2.85,0.54,10.0,1
187,687,6.4,0.24,0.23,7.3,69.0,31.0,157.0,0.9962,3.25,0.53,9.1,1
188,696,6.6,0.56,0.15,10.0,37.0,38.0,157.0,0.99642,3.28,0.52,9.4,1
189,697,7.5,0.38,0.33,9.2,43.0,19.0,116.0,0.99444,3.08,0.42,11.4,1
190,703,8.6,0.265,0.36,1.2,34.0,15.0,80.0,0.9913,2.95,0.36,11.4,1
191,704,7.0,0.29,0.33,0.9,41.0,20.0,117.0,0.99048,3.21,0.5,11.4,1
192,707,7.4,0.18,0.24,1.4,47.0,21.0,106.0,0.99383,3.52,0.64,10.5,1
193,713,6.0,0.26,0.15,1.3,0.06,51.0,154.0,0.99354,3.14,0.51,8.7,1
194,714,5.6,0.2,0.66,10.2,43.0,78.0,175.0,0.9945,2.98,0.43,10.4,1
195,717,7.4,0.27,0.48,1.1,47.0,17.0,132.0,0.9914,3.19,0.49,11.6,1
196,724,6.8,0.19,0.33,4.9,47.0,42.0,130.0,0.99283,3.12,0.56,11.0,1
197,736,6.4,0.31,0.4,6.2,0.04,46.0,169.0,0.9953,3.15,0.46,9.3,1
198,737,6.6,0.16,0.21,6.7,55.0,43.0,157.0,0.99384,3.15,0.52,10.8,1
199,738,7.3,0.26,0.32,1.2,41.0,29.0,94.0,0.98978,3.07,0.45,12.0,1
200,743,6.6,0.34,0.4,8.1,46.0,68.0,170.0,0.99494,3.15,0.5,9.53333333333333,1
201,747,6.6,0.24,0.28,6.7,32.0,26.0,91.0,0.99172,3.13,0.32,12.3,1
202,748,6.5,0.28,0.33,15.7,53.0,51.0,190.0,0.9978,3.22,0.51,9.7,1
203,757,6.8,0.34,0.44,6.6,52.0,28.0,156.0,0.9955,3.14,0.41,9.6,1
204,761,6.5,0.43,0.28,12.0,56.0,23.0,174.0,0.9986,3.31,0.55,9.3,1
205,762,6.5,0.14,0.33,7.6,0.05,53.0,189.0,0.9966,3.25,0.49,8.6,1
206,764,7.0,0.28,0.33,14.6,43.0,47.0,168.0,0.9994,3.34,0.67,8.8,1
207,772,5.3,0.32,0.23,9.65,26.0,26.0,119.0,0.99168,3.18,0.53,12.2,1
208,775,5.2,0.36,0.02,1.6,31.0,24.0,104.0,0.9896,3.44,0.35,12.2,1
209,778,6.2,0.3,0.2,6.6,45.0,42.0,170.0,0.9944,3.36,0.45,10.4,1
210,779,6.5,0.18,0.41,14.2,39.0,47.0,129.0,0.99678,3.28,0.72,10.3,1
211,780,6.1,0.27,0.32,1.1,34.0,24.0,110.0,0.9898,3.36,0.4,12.5,1
212,784,6.9,0.31,0.32,1.2,24.0,20.0,166.0,0.99208,3.05,0.54,9.8,1
213,785,7.6,0.17,0.27,4.6,0.05,23.0,98.0,0.99422,3.08,0.47,9.5,1
214,792,7.1,0.2,0.36,11.6,42.0,45.0,124.0,0.997,2.92,0.59,9.5,1
215,793,6.6,0.2,0.38,7.9,52.0,30.0,145.0,0.9947,3.32,0.56,11.0,1
216,796,6.6,0.26,0.31,4.8,138.0,41.0,168.0,0.9951,3.2,0.38,9.3,1
217,797,7.0,0.21,0.28,8.7,45.0,37.0,222.0,0.9954,3.25,0.54,10.4,1
218,811,6.9,0.54,0.32,13.2,0.05,53.0,236.0,0.9973,3.2,0.5,9.6,1
219,814,6.8,0.14,0.18,1.4,47.0,30.0,90.0,0.99164,3.27,0.54,11.2,1
220,816,6.1,0.26,0.51,2.2,0.05,61.0,154.0,0.9929,3.08,0.6,9.8,1
221,817,5.0,0.33,0.16,1.5,49.0,10.0,97.0,0.9917,3.48,0.44,10.7,1
222,819,7.9,0.44,0.26,4.45,33.0,23.0,100.0,0.99117,3.17,0.52,12.7,1
223,826,6.2,0.33,0.27,4.9,36.0,30.0,134.0,0.9927,3.2,0.42,10.4,1
224,831,6.3,0.48,0.04,1.1,46.0,30.0,99.0,0.9928,3.24,0.36,9.6,1
225,832,6.6,0.28,0.09,10.9,51.0,37.0,131.0,0.99566,2.93,0.62,9.5,1
226,834,6.2,0.22,0.28,2.2,0.04,24.0,125.0,0.9917,3.19,0.48,10.5,1
227,837,6.9,0.33,0.26,5.0,27.0,46.0,143.0,0.9924,3.25,0.43,11.2,1
228,838,5.7,0.22,0.33,1.9,36.0,37.0,110.0,0.98945,3.26,0.58,12.4,1
229,839,7.2,0.26,0.26,12.7,36.0,49.0,214.0,0.9986,3.41,0.5,10.0,1
230,842,6.8,0.18,0.28,9.8,39.0,29.0,113.0,0.99406,3.11,0.45,10.9,1
231,851,7.6,0.19,0.42,1.5,44.0,6.0,114.0,0.9914,3.04,0.74,12.8,1
232,856,6.4,0.17,0.27,1.5,37.0,20.0,98.0,0.9916,3.46,0.42,11.0,1
233,857,6.8,0.3,0.26,20.3,37.0,45.0,150.0,0.99727,3.04,0.38,12.3,1
234,859,6.0,0.29,0.21,1.3,55.0,42.0,168.0,0.9914,3.32,0.43,11.1,1
235,862,7.9,0.19,0.45,1.5,45.0,17.0,96.0,0.9917,3.13,0.39,11.0,1
236,863,6.6,0.36,0.52,10.1,0.05,29.0,140.0,0.99628,3.07,0.4,9.4,1
237,864,8.0,0.33,0.32,4.6,41.0,31.0,180.0,0.99184,2.92,0.74,12.2,1
238,866,7.1,0.21,0.4,1.2,69.0,24.0,156.0,0.9928,3.42,0.43,10.6,1
239,874,6.9,0.26,0.33,12.6,51.0,59.0,173.0,0.998,3.39,0.38,9.9,1
240,876,7.8,0.25,0.34,13.7,44.0,66.0,184.0,0.99976,3.22,0.75,8.9,1
241,889,8.2,0.68,0.3,2.1,47.0,17.0,138.0,0.995,3.22,0.71,10.8,1
242,894,6.4,0.37,0.19,3.5,68.0,18.0,101.0,0.9934,3.03,0.38,9.0,1
243,909,6.4,0.23,0.32,1.9,38.0,40.0,118.0,0.99074,3.32,0.53,11.8,1
244,910,7.1,0.35,0.24,15.4,55.0,46.0,198.0,0.9988,3.12,0.49,8.8,1
245,917,5.7,0.41,0.21,1.9,48.0,30.0,112.0,0.99138,3.29,0.55,11.2,1
246,919,7.4,0.27,0.49,1.1,37.0,33.0,156.0,0.992,3.15,0.54,11.1,1
247,920,8.1,0.5,0.47,1.1,37.0,23.0,126.0,0.9938,3.21,0.42,10.9,1
248,926,7.5,0.18,0.31,6.5,29.0,53.0,160.0,0.99276,3.03,0.38,10.9,1
249,930,6.3,0.17,0.32,4.2,0.04,37.0,117.0,0.99182,3.24,0.43,11.3,1
250,933,6.7,0.48,0.49,2.9,0.03,28.0,122.0,0.98926,3.13,0.4,13.0,1
251,936,6.0,0.17,0.3,7.3,39.0,39.0,104.0,0.99252,2.91,0.57,11.0,1
252,941,6.5,0.27,0.19,6.6,45.0,98.0,175.0,0.99364,3.16,0.34,10.1,1
253,943,6.4,0.31,0.5,5.8,38.0,42.0,111.0,0.99189,3.18,0.53,11.9,1
254,944,6.4,0.42,0.74,12.8,76.0,48.0,209.0,0.9978,3.12,0.58,9.0,1
255,945,6.9,0.33,0.21,1.0,53.0,39.0,148.0,0.9927,3.12,0.45,9.4,1
256,946,5.8,0.335,0.14,5.8,46.0,49.0,197.0,0.9937,3.3,0.71,10.3,1
257,951,6.9,0.21,0.33,1.4,56.0,35.0,136.0,0.9938,3.63,0.78,10.3,1
258,956,5.7,0.4,0.35,5.1,26.0,17.0,113.0,0.99052,3.18,0.67,12.4,1
259,960,7.3,0.23,0.37,1.8,32.0,60.0,156.0,0.992,3.11,0.35,11.1,1
260,965,5.9,0.655,0.0,5.6,33.0,8.0,31.0,0.9936,3.32,0.51,10.5,1
261,973,6.1,0.41,0.2,12.6,32.0,54.0,136.0,0.99516,2.91,0.43,10.6,1
262,975,9.2,0.22,0.4,2.4,54.0,18.0,151.0,0.9952,3.04,0.46,9.3,1
263,980,7.3,0.19,0.49,15.55,58.0,50.0,134.0,0.9998,3.42,0.36,9.1,1
264,982,6.4,0.37,0.12,5.9,56.0,6.0,91.0,0.99536,3.06,0.46,8.4,1
265,995,6.6,0.23,0.24,3.9,45.0,36.0,138.0,0.9922,3.15,0.64,11.3,1
266,996,7.6,0.27,0.29,2.5,59.0,37.0,115.0,0.99328,3.09,0.37,9.8,1
267,1003,6.0,0.36,0.06,1.4,66.0,27.0,128.0,0.9934,3.26,0.55,9.3,1
268,1004,6.9,0.17,0.3,2.0,47.0,13.0,117.0,0.99152,3.16,0.51,11.6,1
269,1005,5.6,0.12,0.33,2.9,44.0,21.0,73.0,0.98896,3.17,0.32,12.9,1
270,1008,6.7,0.25,0.23,7.2,38.0,61.0,220.0,0.9952,3.14,0.35,9.5,1
271,1019,7.2,0.5,0.0,0.8,34.0,46.0,114.0,0.9932,3.19,0.34,9.2,1
272,1021,8.2,0.36,0.29,7.6,35.0,37.0,122.0,0.9939,3.16,0.34,12.0,1
273,1023,6.7,0.41,0.27,2.6,33.0,25.0,85.0,0.99086,3.05,0.34,11.7,1
274,1027,7.4,0.18,0.29,1.4,42.0,34.0,101.0,0.99384,3.54,0.6,10.5,1
275,1034,6.5,0.3,0.29,2.25,37.0,8.0,210.0,0.9937,3.19,0.62,9.9,1
276,1036,6.3,0.41,0.22,7.3,35.0,23.0,117.0,0.99172,3.2,0.39,11.94,1
277,1039,6.1,0.25,0.18,10.5,49.0,41.0,124.0,0.9963,3.14,0.35,10.5,1
278,1043,8.0,0.3,0.28,5.7,44.0,31.0,124.0,0.9948,3.16,0.51,10.2,1
279,1045,6.2,0.28,0.43,13.0,39.0,64.0,233.0,0.99745,3.08,0.38,8.9,1
280,1047,7.8,0.26,0.74,7.5,44.0,59.0,160.0,0.996,3.22,0.64,10.0,1
281,1048,7.2,0.19,0.31,1.6,62.0,31.0,173.0,0.9917,3.35,0.44,11.7,1
282,1057,6.7,0.54,0.27,7.1,49.0,8.0,178.0,0.99502,3.16,0.38,9.4,1
283,1066,6.5,0.29,0.31,1.7,35.0,24.0,79.0,0.99053,3.27,0.69,11.4,1
284,1067,6.5,0.22,0.25,17.1,0.05,44.0,138.0,1.0001,3.3,0.37,8.8,1
285,1075,6.5,0.27,0.26,8.2,42.0,21.0,133.0,0.99612,3.43,0.64,9.8,1
286,1078,6.7,0.41,0.34,9.2,49.0,29.0,150.0,0.9968,3.22,0.51,9.1,1
287,1079,5.6,0.41,0.24,1.9,34.0,10.0,53.0,0.98815,3.32,0.5,13.5,1
288,1083,8.2,0.37,0.36,1.0,34.0,17.0,93.0,0.9906,3.04,0.32,11.7,1
289,1086,7.5,0.17,0.37,1.5,0.06,18.0,75.0,0.9936,3.54,0.88,10.7,1
290,1100,6.4,0.4,0.25,4.2,32.0,15.0,91.0,0.98988,3.26,0.52,13.1,1
291,1108,8.1,0.2,0.28,0.9,23.0,49.0,87.0,0.99062,2.92,0.36,11.1,1
292,1119,7.6,0.21,0.6,2.1,46.0,47.0,165.0,0.9936,3.05,0.54,10.1,1
293,1120,7.1,0.33,0.64,13.2,56.0,12.0,105.0,0.9972,3.05,0.39,9.2,1
294,1130,5.9,0.5,0.05,2.6,54.0,36.0,146.0,0.9948,3.43,0.5,9.2,1
295,1133,5.8,0.15,0.28,0.8,37.0,43.0,127.0,0.99198,3.24,0.51,9.3,1
296,1143,6.1,0.16,0.34,6.1,34.0,31.0,114.0,0.99365,3.32,0.58,10.1333333333333,1
297,1161,9.0,0.31,0.48,6.6,43.0,11.0,73.0,0.9938,2.9,0.38,11.6,1
298,1167,5.8,0.3,0.27,1.7,14.0,45.0,104.0,0.98914,3.4,0.56,12.6,1
299,1174,6.7,0.21,0.48,14.8,0.05,31.0,195.0,0.99942,2.95,0.75,8.8,1
300,1181,8.1,0.22,0.43,1.5,44.0,28.0,129.0,0.9938,3.22,0.45,11.0,1
301,1185,8.4,0.31,0.31,0.95,21.0,52.0,148.0,0.99038,2.93,0.32,11.5,1
302,1186,6.8,0.19,0.58,14.2,38.0,51.0,164.0,0.9975,3.12,0.48,9.6,1
303,1198,5.8,0.28,0.34,4.0,31.0,40.0,99.0,0.9896,3.39,0.39,12.8,1
304,1199,7.5,0.23,0.3,1.2,0.03,27.0,80.0,0.99192,3.05,0.68,10.5,1
305,1205,6.9,0.25,0.27,9.05,39.0,37.0,128.0,0.9936,3.27,0.34,11.3,1
306,1210,6.8,0.31,0.09,1.4,0.04,56.0,145.0,0.9922,3.19,0.46,10.0,1
307,1211,8.9,0.13,0.49,1.0,28.0,6.0,24.0,0.9926,2.91,0.32,9.9,1
308,1214,7.0,0.21,0.22,5.1,48.0,38.0,168.0,0.9945,3.34,0.49,10.4,1
309,1216,6.1,0.44,0.28,4.25,32.0,43.0,132.0,0.9916,3.26,0.47,11.3,1
310,1222,7.3,0.22,0.5,13.7,49.0,56.0,189.0,0.9994,3.24,0.66,9.0,1
311,1223,7.2,0.25,0.39,18.95,38.0,42.0,155.0,0.9999,2.97,0.47,9.0,1
312,1225,6.0,0.2,0.32,3.0,31.0,26.0,118.0,0.99134,3.38,0.68,11.2,1
313,1226,6.3,0.34,0.33,4.6,34.0,19.0,80.0,0.9917,3.38,0.58,12.0,1
314,1230,7.2,0.19,0.31,1.4,46.0,37.0,135.0,0.9939,3.34,0.57,10.2,1
315,1233,6.2,0.3,0.32,1.3,54.0,27.0,183.0,0.99266,3.3,0.43,10.1,1
316,1236,6.1,0.32,0.24,1.5,36.0,38.0,124.0,0.9898,3.29,0.42,12.4,1
317,1238,6.5,0.27,0.4,10.0,39.0,74.0,227.0,0.99582,3.18,0.5,9.4,1
318,1239,6.2,0.32,0.32,2.2,36.0,15.0,70.0,0.9899,3.16,0.48,12.7,1
319,1243,7.4,0.33,0.26,15.6,49.0,67.0,210.0,0.99907,3.06,0.68,9.5,1
320,1250,7.2,0.23,0.25,18.8,85.0,19.0,111.0,1.00044,3.1,0.51,8.7,1
321,1256,7.2,0.4,0.38,2.2,0.03,40.0,109.0,0.99075,3.27,0.46,12.6,1
322,1270,5.7,0.26,0.24,17.8,59.0,23.0,124.0,0.99773,3.3,0.5,10.1,1
323,1273,7.5,0.24,0.49,9.4,48.0,50.0,149.0,0.9962,3.17,0.59,10.5,1
324,1274,6.8,0.21,0.27,18.15,42.0,41.0,146.0,1.0001,3.3,0.36,8.7,1
325,1287,7.1,0.23,0.24,5.4,39.0,60.0,196.0,0.9948,3.19,0.78,10.0,1
326,1288,7.6,0.2,0.3,14.2,56.0,53.0,212.5,0.999,3.14,0.46,8.9,1
327,1292,7.2,0.31,0.41,8.6,53.0,15.0,89.0,0.9976,3.29,0.64,9.9,1
328,1299,8.4,0.32,0.35,11.7,29.0,3.0,46.0,0.99439,3.02,0.34,11.8,1
329,1300,6.8,0.33,0.44,7.0,0.05,29.0,155.0,0.9955,3.14,0.42,9.5,1
330,1301,6.4,0.37,0.2,5.6,117.0,61.0,183.0,0.99459,3.24,0.43,9.5,1
331,1304,5.0,0.27,0.32,4.5,32.0,58.0,178.0,0.98956,3.45,0.31,12.6,1
332,1307,7.2,0.29,0.4,13.6,45.0,66.0,231.0,0.9977,3.08,0.59,9.6,1
333,1308,7.0,0.28,0.36,1.0,35.0,8.0,70.0,0.9899,3.09,0.46,12.1,1
334,1310,6.1,0.36,0.33,1.1,0.05,24.0,169.0,0.9927,3.15,0.78,9.5,1
335,1312,9.6,0.25,0.54,1.3,0.04,16.0,160.0,0.9938,2.94,0.43,10.5,1
336,1313,6.9,0.25,0.47,8.4,42.0,36.0,156.0,0.99604,3.15,0.55,9.4,1
337,1315,6.5,0.18,0.33,1.4,29.0,35.0,138.0,0.99114,3.36,0.6,11.5,1
338,1321,5.8,0.24,0.28,1.4,38.0,40.0,76.0,0.98711,3.1,0.29,13.9,1
339,1322,6.3,0.21,0.4,1.7,31.0,48.0,134.0,0.9917,3.42,0.49,11.5,1
340,1325,7.5,0.21,0.32,4.8,56.0,39.0,113.0,0.99393,3.11,0.52,10.2,1
341,1335,5.0,0.455,0.18,1.9,36.0,33.0,106.0,0.98746,3.21,0.83,14.0,1
342,1342,7.0,0.14,0.49,5.9,53.0,22.0,118.0,0.9954,3.36,0.36,9.4,1
343,1344,6.1,0.34,0.27,2.6,24.0,20.0,105.0,0.9906,3.4,0.67,12.2,1
344,1349,7.9,0.26,0.33,10.3,39.0,73.0,212.0,0.9969,2.93,0.49,9.5,1
345,1350,6.8,0.25,0.27,10.7,76.0,47.0,154.0,0.9967,3.05,0.38,9.0,1
346,1352,5.8,0.32,0.28,4.3,32.0,46.0,115.0,0.98946,3.16,0.57,13.0,1
347,1357,7.0,0.29,0.37,1.6,35.0,34.0,126.0,0.99058,3.26,0.47,12.3,1
348,1358,7.3,0.23,0.27,2.6,35.0,39.0,120.0,0.99138,3.04,0.59,11.3,1
349,1366,8.6,0.26,0.41,2.2,49.0,29.0,111.0,0.9941,2.96,0.44,10.0,1
350,1371,6.5,0.23,0.2,7.5,0.05,44.0,179.0,0.99504,3.18,0.48,9.53333333333333,1
351,1372,6.0,0.32,0.12,5.9,41.0,34.0,190.0,0.9944,3.16,0.72,10.0,1
352,1373,6.1,0.22,0.49,1.5,51.0,18.0,87.0,0.9928,3.3,0.46,9.6,1
353,1374,9.9,0.49,0.23,2.4,87.0,19.0,115.0,0.9948,2.77,0.44,9.4,1
354,1376,6.5,0.22,0.32,2.2,28.0,36.0,92.0,0.99076,3.27,0.59,11.9,1
355,1382,7.2,0.21,0.34,1.1,46.0,25.0,80.0,0.992,3.25,0.4,11.3,1
356,1389,6.7,0.13,0.29,5.3,51.0,31.0,122.0,0.9944,3.44,0.37,9.7,1
357,1390,8.4,0.18,0.42,5.1,36.0,7.0,77.0,0.9939,3.16,0.52,11.7,1
358,1395,6.2,0.27,0.32,6.3,48.0,47.0,159.0,0.99282,3.21,0.6,11.0,1
359,1407,7.1,0.18,0.26,1.3,41.0,20.0,71.0,0.9926,3.04,0.74,9.9,1
360,1409,6.0,0.25,0.4,5.7,52.0,56.0,152.0,0.99398,3.16,0.88,10.5,1
361,1414,6.7,0.21,0.42,9.1,49.0,31.0,150.0,0.9953,3.12,0.74,9.9,1
362,1415,7.4,0.28,0.25,11.9,53.0,25.0,148.0,0.9976,3.1,0.62,9.2,1
363,1422,7.0,0.2,0.34,2.1,49.0,12.0,136.0,0.9922,3.25,0.46,11.6,1
364,1425,5.8,0.19,0.49,4.9,0.04,44.0,118.0,0.9935,3.34,0.38,9.5,1
365,1426,7.1,0.145,0.33,4.6,0.05,33.0,131.0,0.9942,3.28,0.4,9.6,1
366,1438,7.0,0.2,0.31,8.0,0.05,29.0,213.0,0.99596,3.28,0.57,10.4,1
367,1452,6.5,0.23,0.25,17.3,46.0,15.0,110.0,0.99828,3.15,0.42,9.2,1
368,1460,6.3,0.14,0.39,1.2,44.0,26.0,116.0,0.992,3.26,0.53,10.3,1
369,1465,7.1,0.44,0.62,11.8,44.0,52.0,152.0,0.9975,3.12,0.46,8.7,1
370,1467,6.7,0.22,0.33,1.2,36.0,36.0,86.0,0.99058,3.1,0.76,11.4,1
371,1470,6.3,0.41,0.22,7.3,35.0,23.0,117.0,0.99172,3.2,0.39,11.94,1
372,1474,7.3,0.22,0.41,15.4,0.05,55.0,191.0,1.0,3.32,0.59,8.9,1
373,1479,6.2,0.16,0.34,1.7,38.0,85.0,153.0,0.9909,3.33,0.86,12.0,1
374,1483,5.6,0.19,0.46,1.1,32.0,33.0,115.0,0.9909,3.36,0.5,10.4,1
375,1487,6.3,0.26,0.42,7.1,45.0,62.0,209.0,0.99544,3.2,0.53,9.5,1
376,1495,8.3,0.22,0.38,14.8,54.0,32.0,126.0,1.0002,3.22,0.5,9.7,1
377,1497,5.6,0.15,0.26,5.55,51.0,51.0,139.0,0.99336,3.47,0.5,11.0,1
378,1503,8.5,0.15,0.49,1.5,31.0,17.0,122.0,0.9932,3.03,0.4,10.3,1
379,1505,8.1,0.25,0.34,10.1,0.05,30.0,121.0,0.99724,3.17,0.49,10.1,1
380,1508,7.6,0.52,0.49,14.0,34.0,37.0,156.0,0.9958,3.14,0.38,11.8,1
381,1511,8.1,0.3,0.49,8.1,37.0,26.0,174.0,0.9943,3.1,0.3,11.2,1
382,1513,6.6,0.21,0.36,0.8,34.0,48.0,113.0,0.99165,3.24,0.68,10.5,1
383,1515,6.2,0.18,0.49,4.5,47.0,17.0,90.0,0.9919,3.27,0.37,11.6,1
384,1518,6.6,0.16,0.29,1.8,0.05,40.0,147.0,0.9912,3.06,0.44,11.4,1
385,1519,7.4,0.25,0.49,1.1,42.0,35.0,156.0,0.9917,3.13,0.55,11.3,1
386,1520,6.5,0.33,0.72,1.1,61.0,7.0,151.0,0.993,3.09,0.57,9.5,1
387,1521,6.9,0.15,0.28,4.4,29.0,14.0,107.0,0.99347,3.24,0.46,10.4,1
388,1523,5.7,0.25,0.26,12.5,49.0,52.5,120.0,0.99691,3.08,0.45,9.4,1
389,1535,6.4,0.17,0.3,2.8,34.0,33.0,125.0,0.99152,3.03,0.49,10.4,1
390,1540,6.6,0.34,0.4,8.1,46.0,68.0,170.0,0.99494,3.15,0.5,9.53333333333333,1
391,1546,6.1,0.36,0.58,15.0,44.0,42.0,115.0,0.9978,3.15,0.51,9.0,1
392,1549,7.4,0.18,0.34,2.7,0.03,30.0,107.0,0.992,2.97,0.53,11.0,1
393,1557,6.3,0.16,0.22,1.3,46.0,18.0,66.0,0.99307,3.61,0.55,10.3,1
394,1558,6.2,0.22,0.28,2.2,0.04,24.0,125.0,0.9917,3.19,0.48,10.5,1
395,1560,6.0,0.32,0.3,1.9,33.0,41.0,142.0,0.98912,3.29,0.42,12.8,1
396,1563,6.9,0.23,0.32,16.4,45.0,62.0,153.0,0.9972,3.22,0.42,10.5,1
397,1564,6.6,0.25,0.3,14.4,52.0,40.0,183.0,0.998,3.02,0.5,9.1,1
398,1571,7.0,0.11,0.32,4.6,57.0,59.0,144.0,0.9956,3.55,0.44,9.4,1
399,1572,7.2,0.39,0.63,11.0,44.0,55.0,156.0,0.9974,3.09,0.44,8.7,1
400,1574,5.4,0.53,0.16,2.7,36.0,34.0,128.0,0.98856,3.2,0.53,13.2,1
401,1577,9.8,0.36,0.46,10.5,38.0,4.0,83.0,0.9956,2.89,0.3,10.1,1
402,1582,7.7,0.26,0.4,1.1,42.0,9.0,60.0,0.9915,2.89,0.5,10.6,1
403,1585,7.5,0.21,0.29,1.5,46.0,35.0,107.0,0.99123,3.15,0.45,11.3,1
404,1590,5.3,0.395,0.07,1.3,35.0,26.0,102.0,0.992,3.5,0.35,10.6,1
405,1596,5.9,0.21,0.28,4.6,53.0,40.0,199.0,0.9964,3.72,0.7,10.0,1
406,1597,6.8,0.32,0.43,1.6,0.05,4.0,65.0,0.99346,3.27,0.47,10.7,1
407,1606,7.9,0.22,0.38,8.0,43.0,46.0,152.0,0.9934,3.12,0.32,11.5,1
408,1607,6.7,0.4,0.22,8.8,52.0,24.0,113.0,0.99576,3.22,0.45,9.4,1
409,1611,7.7,0.44,0.24,11.2,31.0,41.0,167.0,0.9948,3.12,0.43,11.3,1
410,1618,8.7,0.22,0.42,2.3,53.0,27.0,114.0,0.994,2.99,0.43,10.0,1
411,1619,7.1,0.29,0.49,1.2,31.0,32.0,99.0,0.9893,3.07,0.33,12.2,1
412,1620,6.9,0.2,0.5,10.0,36.0,78.0,167.0,0.9964,3.15,0.55,10.2,1
413,1621,6.5,0.31,0.14,7.5,44.0,34.0,133.0,0.9955,3.22,0.5,9.5,1
414,1623,6.4,0.25,0.28,4.9,0.03,29.0,98.0,0.99024,3.09,0.58,12.8,1
415,1624,8.6,0.34,0.36,1.4,45.0,11.0,119.0,0.99556,3.17,0.47,9.4,1
416,1630,7.4,0.28,0.4,11.9,32.0,13.0,92.0,0.99629,3.01,0.46,10.8,1
417,1632,6.4,0.22,0.49,7.5,54.0,42.0,151.0,0.9948,3.27,0.52,10.1,1
418,1635,7.0,0.22,0.26,9.2,27.0,37.0,122.0,0.99228,3.06,0.34,12.5,1
419,1637,5.6,0.21,0.24,4.4,27.0,37.0,150.0,0.991,3.3,0.31,11.5,1
420,1641,7.3,0.22,0.37,14.3,63.0,48.0,191.0,0.9978,2.89,0.38,9.0,1
421,1644,6.5,0.22,0.31,3.9,46.0,17.0,106.0,0.99098,3.15,0.31,11.5,1
422,1645,8.3,0.2,0.49,1.7,0.04,34.0,169.0,0.9938,3.05,0.37,10.1,1
423,1653,7.8,0.3,0.29,16.85,54.0,23.0,135.0,0.9998,3.16,0.38,9.0,1
424,1660,9.0,0.29,0.34,12.1,0.03,34.0,177.0,0.99706,3.13,0.47,10.6,1
425,1663,6.8,0.3,0.27,11.6,28.0,22.0,97.0,0.99314,2.96,0.38,11.7,1
426,1664,7.0,0.22,0.39,2.1,55.0,39.0,198.0,0.9951,3.52,0.54,10.2,1
427,1668,6.0,0.28,0.29,19.3,51.0,36.0,174.0,0.99911,3.14,0.5,9.0,1
428,1675,7.8,0.28,0.22,1.4,56.0,24.0,130.0,0.9944,3.28,0.48,9.5,1
429,1686,6.7,0.41,0.34,9.2,49.0,29.0,150.0,0.9968,3.22,0.51,9.1,1
430,1693,6.9,0.25,0.34,1.3,35.0,27.0,82.0,0.99045,3.18,0.44,12.2,1
431,1697,5.5,0.16,0.26,1.5,32.0,35.0,100.0,0.99076,3.43,0.77,12.0,1
432,1698,7.9,0.17,0.32,1.6,53.0,47.0,150.0,0.9948,3.29,0.76,9.6,1
433,1703,5.5,0.315,0.38,2.6,33.0,10.0,69.0,0.9909,3.12,0.59,10.8,1
434,1711,6.0,0.45,0.65,9.7,0.08,11.0,159.0,0.9956,3.04,0.48,9.4,1
435,1715,7.6,0.33,0.36,2.1,34.0,26.0,172.0,0.9944,3.42,0.48,10.5,1
436,1716,6.5,0.2,0.5,18.1,54.0,50.0,221.0,0.99941,2.94,0.64,8.8,1
437,1724,6.8,0.16,0.18,1.8,46.0,31.0,114.0,0.99226,3.27,0.55,10.8,1
438,1733,6.0,0.34,0.66,15.9,46.0,26.0,164.0,0.9979,3.14,0.5,8.8,1
439,1734,7.8,0.29,0.29,3.15,44.0,41.0,117.0,0.99153,3.24,0.35,11.5,1
440,1735,5.0,0.24,0.34,1.1,34.0,49.0,158.0,0.98774,3.32,0.32,13.1,1
441,1736,7.4,0.21,0.3,7.9,39.0,14.0,118.0,0.9942,2.96,0.34,10.4,1
442,1737,6.7,0.15,0.29,5.0,58.0,28.0,105.0,0.9946,3.52,0.44,10.2,1
443,1741,6.1,0.35,0.07,1.4,69.0,22.0,108.0,0.9934,3.23,0.52,9.2,1
444,1743,9.6,0.21,0.28,1.2,38.0,12.0,53.0,0.9926,2.8,0.46,10.6,1
445,1748,6.0,0.26,0.15,1.2,53.0,35.0,124.0,0.99347,3.08,0.46,8.8,1
446,1751,6.2,0.32,0.45,2.9,29.0,37.0,94.0,0.98998,3.25,0.6,12.4,1
447,1755,7.0,0.39,0.21,10.7,98.0,13.0,91.0,0.99657,3.03,0.47,9.3,1
448,1756,7.4,0.3,0.49,8.2,55.0,49.0,188.0,0.9974,3.52,0.58,9.7,1
449,1757,6.0,0.29,0.25,1.4,33.0,30.0,114.0,0.98794,3.08,0.43,13.2,1
450,1759,6.3,0.39,0.24,6.9,69.0,9.0,117.0,0.9942,3.15,0.35,10.2,1
451,1764,7.9,0.42,0.49,8.2,56.0,32.0,164.0,0.9965,3.29,0.6,11.2,1
452,1773,6.8,0.32,0.21,2.2,44.0,15.0,68.0,0.9932,3.17,0.39,9.4,1
453,1776,5.3,0.36,0.27,6.3,28.0,40.0,132.0,0.99186,3.37,0.4,11.6,1
454,1782,8.7,0.23,0.32,13.4,44.0,35.0,169.0,0.99975,3.12,0.47,8.8,1
455,1787,6.8,0.19,0.32,7.6,49.0,37.0,107.0,0.99332,3.12,0.44,10.7,1
456,1788,6.8,0.32,0.18,7.5,41.0,71.0,223.0,0.9959,3.14,0.41,8.9,1
457,1790,6.2,0.2,0.33,5.4,28.0,21.0,75.0,0.99012,3.36,0.41,13.5,1
458,1791,6.6,0.38,0.36,9.2,61.0,42.0,214.0,0.9976,3.31,0.56,9.4,1
459,1794,7.4,0.29,0.28,10.2,32.0,43.0,138.0,0.9951,3.1,0.47,10.6,1
460,1796,5.9,0.18,0.28,1.0,37.0,24.0,88.0,0.99094,3.29,0.55,10.65,1
461,1797,7.8,0.19,0.32,7.4,15.0,47.0,124.0,0.99278,2.99,0.39,11.0,1
462,1805,8.0,0.2,0.44,1.0,57.0,24.0,111.0,0.99158,3.09,0.32,11.2,1
463,1808,8.1,0.27,0.33,1.3,45.0,26.0,100.0,0.99066,2.98,0.44,12.4,1
464,1809,6.7,0.33,0.34,6.6,67.0,35.0,156.0,0.99542,3.11,0.48,9.3,1
465,1810,8.2,0.34,0.49,8.0,46.0,55.0,223.0,0.996,3.08,0.52,10.7,1
466,1812,6.1,0.34,0.46,4.7,29.0,21.0,94.0,0.991,3.29,0.62,12.3,1
467,1813,5.8,0.38,0.26,1.1,58.0,20.0,140.0,0.99271,3.27,0.43,9.7,1
468,1815,6.4,0.5,0.2,2.4,59.0,19.0,112.0,0.99314,3.18,0.4,9.2,1
469,1817,7.5,0.29,0.67,8.1,37.0,53.0,166.0,0.9966,2.9,0.41,8.9,1
470,1819,5.6,0.295,0.26,1.1,35.0,40.0,102.0,0.99154,3.47,0.56,10.6,1
471,1821,6.5,0.51,0.25,1.7,48.0,39.0,177.0,0.99212,3.28,0.57,10.5666666666667,1
472,1822,5.6,0.23,0.25,8.0,43.0,31.0,101.0,0.99429,3.19,0.42,10.4,1
473,1823,6.7,0.11,0.26,14.8,53.0,44.0,95.0,0.99676,3.2,0.35,9.8,1
474,1827,5.8,0.58,0.0,1.5,0.02,33.0,96.0,0.98918,3.29,0.38,12.4,1
475,1830,6.5,0.18,0.29,1.7,35.0,39.0,144.0,0.9927,3.49,0.5,10.5,1
476,1832,6.8,0.11,0.27,8.6,44.0,45.0,104.0,0.99454,3.2,0.37,9.9,1
477,1836,6.8,0.22,0.35,17.5,39.0,38.0,153.0,0.9994,3.24,0.42,9.0,1
478,1837,6.3,0.21,0.28,1.5,51.0,46.0,142.0,0.9928,3.23,0.42,10.1,1
479,1845,5.8,0.31,0.32,4.5,24.0,28.0,94.0,0.98906,3.25,0.52,13.7,1
480,1857,5.7,0.22,0.2,16.0,44.0,41.0,113.0,0.99862,3.22,0.46,8.9,1
481,1860,7.9,0.2,0.39,1.0,41.0,37.0,154.0,0.99093,3.08,0.43,11.9,1
482,1861,7.5,0.22,0.29,4.8,0.05,33.0,87.0,0.994,3.14,0.42,9.9,1
483,1863,7.8,0.19,0.32,7.4,15.0,47.0,124.0,0.99278,2.99,0.39,11.0,1
484,1864,5.8,0.6,0.0,1.3,44.0,72.0,197.0,0.99202,3.56,0.43,10.9,1
485,1865,8.3,0.2,0.49,1.7,38.0,38.0,167.0,0.9939,3.05,0.37,10.1,1
486,1876,6.4,0.14,0.31,1.2,34.0,53.0,138.0,0.99084,3.38,0.35,11.5,1
487,1877,7.0,0.16,0.73,1.0,138.0,58.0,150.0,0.9936,3.08,0.3,9.2,1
488,1879,6.9,0.24,0.4,15.4,52.0,81.0,198.0,0.9986,3.2,0.69,9.4,1
489,1889,6.5,0.08,0.33,1.9,28.0,23.0,93.0,0.991,3.34,0.7,12.0,1
490,1890,7.6,0.38,0.2,3.4,46.0,9.0,116.0,0.9944,3.15,0.41,9.4,1
491,1892,6.7,0.36,0.26,7.9,34.0,39.0,123.0,0.99119,2.99,0.3,12.2,1
492,1893,6.8,0.24,0.49,19.3,57.0,55.0,247.0,1.00055,3.0,0.56,8.7,1
493,1899,5.8,0.27,0.27,12.3,45.0,55.0,170.0,0.9972,3.28,0.42,9.3,1
494,1903,6.5,0.38,0.34,3.4,36.0,34.0,200.0,0.9937,3.14,0.76,10.0,1
495,1914,6.0,0.24,0.41,1.3,36.0,42.0,118.0,0.99018,3.04,0.64,11.75,1
496,1916,6.1,0.18,0.36,2.0,38.0,20.0,249.5,0.9923,3.37,0.79,11.3,1
497,1917,8.3,0.28,0.4,7.8,41.0,38.0,194.0,0.9976,3.34,0.51,9.6,1
498,1919,6.7,0.18,0.28,10.2,39.0,29.0,115.0,0.99469,3.11,0.45,10.9,1
499,1921,6.8,0.37,0.28,1.9,24.0,64.0,106.0,0.98993,3.45,0.6,12.6,1
500,1922,7.4,0.16,0.49,1.2,55.0,18.0,150.0,0.9917,3.23,0.47,11.2,1
501,1924,7.4,0.26,0.29,3.7,48.0,14.0,73.0,0.9915,3.06,0.45,11.4,1
502,1925,7.1,0.31,0.25,11.2,48.0,32.0,136.0,0.99663,3.14,0.4,9.5,1
503,1937,8.1,0.19,0.4,0.9,37.0,73.0,180.0,0.9926,3.06,0.34,10.0,1
504,1941,6.8,0.21,0.31,2.9,46.0,40.0,121.0,0.9913,3.07,0.65,10.9,1
505,1942,6.9,0.18,0.36,1.3,36.0,40.0,117.0,0.9934,3.27,0.95,9.5,1
506,1944,6.8,0.27,0.37,8.2,55.0,52.0,192.0,0.99586,3.11,0.52,9.5,1
507,1946,6.8,0.34,0.1,1.4,49.0,29.0,118.0,0.9936,3.21,0.41,9.5,1
508,1950,7.9,0.21,0.39,2.0,57.0,21.0,138.0,0.99176,3.05,0.52,10.9,1
509,1954,7.6,0.3,0.27,10.6,39.0,31.0,119.0,0.99815,3.27,0.3,9.3,1
510,1958,7.9,0.34,0.44,6.5,27.0,47.0,126.0,0.99124,2.96,0.37,12.5,1
511,1961,6.6,0.26,0.46,6.9,47.0,59.0,183.0,0.99594,3.2,0.45,9.3,1
512,1962,7.2,0.26,0.38,1.5,61.0,12.0,120.0,0.99192,3.18,0.46,10.4,1
513,1964,4.9,0.33,0.31,1.2,16.0,39.0,150.0,0.98713,3.33,0.59,14.0,1
514,1965,7.1,0.38,0.29,13.6,41.0,30.0,137.0,0.99461,3.02,0.96,12.1,1
515,1967,6.5,0.3,0.32,2.0,44.0,34.0,90.0,0.99185,3.37,0.68,11.0,1
516,1972,6.6,0.24,0.24,8.6,34.0,25.0,135.0,0.99582,3.33,0.59,10.3,1
517,1973,7.4,0.22,0.28,9.0,46.0,22.0,121.0,0.99468,3.1,0.55,10.8,1
518,1976,6.8,0.24,0.31,18.3,46.0,40.0,142.0,1.0,3.3,0.41,8.7,1
519,1977,7.0,0.21,0.28,8.6,45.0,37.0,221.0,0.9954,3.25,0.54,10.4,1
520,1987,9.2,0.28,0.41,1.0,42.0,14.0,59.0,0.9922,2.96,0.25,10.5,1
521,1990,6.5,0.23,0.33,13.8,42.0,25.0,139.0,0.99695,3.35,0.56,10.4,1
522,1997,6.3,0.26,0.21,4.0,0.03,24.0,125.0,0.9915,3.06,0.34,10.7,1
523,1999,8.2,0.23,0.49,0.9,57.0,15.0,73.0,0.9928,3.07,0.38,10.4,1
524,2006,8.7,0.45,0.4,1.5,67.0,17.0,100.0,0.9957,3.27,0.57,10.1,1
525,2010,5.6,0.235,0.29,1.2,47.0,33.0,127.0,0.991,3.34,0.5,11.0,1
526,2013,6.6,0.15,0.32,6.0,33.0,59.0,128.0,0.99192,3.19,0.71,12.1,1
527,2014,6.3,0.25,0.23,14.9,39.0,47.0,142.0,0.99705,3.14,0.35,9.7,1
528,2016,9.2,0.25,0.34,1.2,26.0,31.0,93.0,0.9916,2.93,0.37,11.3,1
529,2017,7.4,0.19,0.3,12.8,53.0,48.5,229.0,0.9986,3.14,0.49,9.1,1
530,2018,7.5,0.31,0.51,14.8,39.0,62.0,204.0,0.9982,3.06,0.6,9.5,1
531,2023,6.0,0.17,0.29,5.0,28.0,25.0,108.0,0.99076,3.14,0.34,12.3,1
532,2029,7.2,0.21,0.29,3.1,44.0,39.0,122.0,0.99143,3.0,0.6,11.3,1
533,2031,8.1,0.24,0.32,10.5,0.03,34.0,105.0,0.99407,3.11,0.42,11.8,1
534,2035,6.7,0.18,0.24,10.3,57.0,64.0,185.0,0.99519,3.12,0.5,10.6,1
535,2038,8.2,0.37,0.64,13.9,43.0,22.0,171.0,0.99873,2.99,0.8,9.3,1
536,2041,6.8,0.29,0.22,3.4,35.0,40.0,122.0,0.99024,3.09,0.47,12.3,1
537,2043,7.1,0.44,0.37,2.7,41.0,35.0,128.0,0.9896,3.07,0.43,13.5,1
538,2045,6.6,0.26,0.21,2.9,26.0,48.0,126.0,0.99089,3.22,0.38,11.3,1
539,2047,7.0,0.35,0.17,1.1,49.0,7.0,119.0,0.99297,3.13,0.36,9.7,1
540,2049,7.1,0.37,0.67,10.5,45.0,49.0,155.0,0.9975,3.16,0.44,8.7,1
541,2051,6.3,0.31,0.3,10.0,46.0,49.0,212.0,0.9962,3.74,0.55,11.9,1
542,2055,6.5,0.28,0.28,20.4,41.0,40.0,144.0,1.0002,3.14,0.38,8.7,1
543,2062,8.2,0.24,0.3,2.3,0.05,23.0,106.0,0.99397,2.98,0.5,10.0,1
544,2071,7.1,0.365,0.14,1.2,55.0,24.0,84.0,0.9941,3.15,0.43,8.9,1
545,2075,7.7,0.3,0.42,14.3,45.0,45.0,213.0,0.9991,3.18,0.63,9.2,1
546,2082,7.0,0.17,0.36,6.4,55.0,42.0,123.0,0.99318,3.11,0.5,11.0,1
547,2091,5.9,0.23,0.24,1.6,37.0,32.0,115.0,0.99076,3.21,0.51,11.4,1
548,2092,7.3,0.21,0.29,1.6,34.0,29.0,118.0,0.9917,3.3,0.5,11.0,1
549,2103,6.6,0.21,0.38,2.2,26.0,40.0,104.0,0.9914,3.25,0.4,11.1,1
550,2110,7.1,0.26,0.32,16.2,44.0,31.0,170.0,0.99644,3.17,0.37,11.2,1
551,2113,7.4,0.24,0.22,10.7,42.0,26.0,81.0,0.9954,2.86,0.36,9.7,1
552,2114,6.9,0.27,0.41,1.7,47.0,6.0,134.0,0.9929,3.15,0.69,11.4,1
553,2118,6.7,0.23,0.31,2.1,46.0,30.0,96.0,0.9926,3.33,0.64,10.7,1
554,2120,6.8,0.26,0.22,4.8,41.0,110.0,198.0,0.99437,3.29,0.67,10.6,1
555,2126,6.2,0.235,0.34,1.9,36.0,4.0,117.0,0.99032,3.4,0.44,12.2,1
556,2127,7.1,0.34,0.32,2.0,51.0,29.0,130.0,0.99354,3.3,0.5,10.4,1
557,2130,6.0,0.27,0.26,1.3,38.0,32.0,138.0,0.99125,3.46,0.43,11.1,1
558,2135,8.2,0.18,0.28,8.5,35.0,41.0,140.0,0.9952,3.04,0.37,10.1,1
559,2136,6.9,0.3,0.49,7.6,57.0,25.0,156.0,0.9962,3.43,0.63,11.0,1
560,2137,8.2,0.31,0.43,7.0,47.0,18.0,87.0,0.99628,3.23,0.64,10.6,1
561,2138,6.9,0.22,0.28,7.8,0.05,43.0,116.0,0.99326,3.22,0.6,11.5,1
562,2152,6.4,0.68,0.26,3.4,69.0,25.0,146.0,0.99347,3.18,0.4,9.3,1
563,2154,6.0,0.25,0.28,2.2,26.0,54.0,126.0,0.9898,3.43,0.65,12.9,1
564,2157,6.4,0.22,0.34,1.8,57.0,29.0,104.0,0.9959,3.81,0.57,10.3,1
565,2163,7.0,0.13,0.3,5.0,56.0,31.0,122.0,0.9945,3.47,0.42,10.5,1
566,2165,6.8,0.19,0.4,9.85,55.0,41.0,103.0,0.99532,2.98,0.56,10.5,1
567,2166,5.8,0.28,0.66,9.1,39.0,26.0,159.0,0.9965,3.66,0.55,10.8,1
568,2168,7.3,0.25,0.28,1.5,43.0,19.0,113.0,0.99338,3.38,0.56,10.1,1
569,2169,7.9,0.35,0.36,1.6,38.0,11.0,124.0,0.9928,3.25,0.48,11.0,1
570,2171,6.8,0.26,0.22,7.7,47.0,57.0,210.0,0.9959,3.1,0.47,9.0,1
571,2172,7.2,0.23,0.39,2.3,33.0,29.0,102.0,0.9908,3.26,0.54,12.3,1
572,2177,6.3,0.36,0.2,2.0,48.0,48.0,191.0,0.9929,3.17,0.51,9.6,1
573,2180,7.5,0.18,0.39,1.9,54.0,23.0,91.0,0.9941,3.27,0.45,10.3,1
574,2191,6.0,0.26,0.29,1.0,32.0,27.0,96.0,0.9896,3.38,0.44,12.3,1
575,2193,6.2,0.18,0.3,1.0,31.0,23.0,73.0,0.99032,3.23,0.52,11.3,1
576,2195,5.8,0.22,0.25,1.5,24.0,21.0,109.0,0.99234,3.37,0.58,10.4,1
577,2198,6.4,0.27,0.49,7.3,46.0,53.0,206.0,0.9956,3.24,0.43,9.2,1
578,2200,6.6,0.435,0.38,9.2,58.0,66.0,243.0,0.99833,3.23,0.54,9.1,1
579,2203,6.0,0.28,0.22,12.15,48.0,42.0,163.0,0.9957,3.2,0.46,10.1,1
580,2211,9.4,0.29,0.55,2.2,0.05,17.0,119.0,0.9962,3.12,0.69,10.3,1
581,2215,6.1,0.22,0.49,1.5,51.0,18.0,87.0,0.9928,3.3,0.46,9.6,1
582,2217,7.4,0.26,0.32,3.7,32.0,29.0,193.0,0.99134,3.1,0.67,12.5,1
583,2220,6.2,0.3,0.17,2.8,0.04,24.0,125.0,0.9939,3.01,0.46,9.0,1
584,2222,6.3,0.15,0.34,11.4,0.05,25.0,96.0,0.99754,3.21,0.49,10.0,1
585,2226,7.4,0.2,0.36,1.2,38.0,44.0,111.0,0.9926,3.36,0.34,9.9,1
586,2236,6.7,0.21,0.36,8.55,0.02,20.0,86.0,0.99146,3.19,0.22,13.4,1
587,2238,5.9,0.24,0.26,12.3,53.0,34.0,134.0,0.9972,3.34,0.45,9.5,1
588,2242,6.7,0.24,0.36,8.4,42.0,42.0,123.0,0.99473,3.34,0.52,10.9,1
589,2243,6.8,0.27,0.26,16.1,49.0,55.0,196.0,0.9984,3.15,0.5,9.3,1
590,2251,5.7,0.18,0.36,1.2,46.0,9.0,71.0,0.99199,3.7,0.68,10.9,1
591,2258,8.0,0.34,0.25,6.4,35.0,38.0,103.0,0.99148,2.91,0.23,12.2,1
592,2265,6.4,0.33,0.24,1.6,54.0,25.0,117.0,0.9943,3.36,0.5,9.3,1
593,2276,6.6,0.26,0.38,6.5,0.17,68.0,201.0,0.9956,3.19,0.38,9.4,1
594,2278,7.1,0.21,0.3,1.4,37.0,45.0,143.0,0.9932,3.13,0.33,9.9,1
595,2279,9.1,0.27,0.32,1.1,31.0,15.0,151.0,0.9936,3.03,0.41,10.6,1
596,2280,6.5,0.24,0.32,7.6,38.0,48.0,203.0,0.9958,3.45,0.54,9.7,1
597,2282,7.7,0.28,0.63,11.1,39.0,58.0,179.0,0.9979,3.08,0.44,8.8,1
598,2288,7.2,0.23,0.39,14.2,58.0,49.0,192.0,0.9979,2.98,0.48,9.0,1
599,2292,7.9,0.31,0.22,13.3,48.0,46.0,212.0,0.99942,3.47,0.59,10.0,1
600,2293,6.1,0.24,0.25,1.6,44.0,24.0,115.0,0.9921,3.39,0.59,10.9,1
601,2296,5.9,0.29,0.32,1.4,22.0,17.0,47.0,0.9899,3.35,0.35,11.5,1
602,2297,7.1,0.14,0.4,1.2,51.0,55.0,136.0,0.9932,3.3,0.96,9.8,1
603,2301,10.3,0.25,0.48,2.2,42.0,28.0,164.0,0.998,3.19,0.59,9.7,1
604,2309,5.9,0.26,0.24,2.4,46.0,27.0,132.0,0.99234,3.63,0.73,11.3,1
605,2319,6.2,0.24,0.25,12.5,55.0,47.0,134.0,0.99758,3.3,0.51,9.0,1
606,2324,6.8,0.23,0.29,15.4,73.0,56.0,173.0,0.9984,3.06,0.41,8.7,1
607,2329,7.0,0.57,0.1,8.3,94.0,23.0,188.0,0.9972,3.4,0.47,9.2,1
608,2330,9.8,0.25,0.74,10.0,56.0,36.0,225.0,0.9977,3.06,0.43,10.0,1
609,2335,6.6,0.38,0.36,9.2,61.0,42.0,214.0,0.9976,3.31,0.56,9.4,1
610,2336,5.9,0.3,0.23,4.2,38.0,42.0,119.0,0.9924,3.15,0.5,11.0,1
611,2338,7.2,0.24,0.29,3.0,36.0,17.0,117.0,0.99411,3.36,0.68,10.1,1
612,2346,6.9,0.32,0.26,2.3,0.03,11.0,103.0,0.99106,3.06,0.42,11.1,1
613,2354,8.9,0.34,0.34,1.6,56.0,13.0,176.0,0.9946,3.14,0.47,9.7,1
614,2356,7.5,0.29,0.31,8.95,55.0,20.0,151.0,0.9968,3.08,0.54,9.3,1
615,2359,7.8,0.28,0.34,1.6,28.0,32.0,118.0,0.9901,3.0,0.38,12.1,1
616,2361,6.8,0.26,0.46,8.3,37.0,49.0,173.0,0.99601,3.17,0.47,9.3,1
617,2365,7.6,0.28,0.39,1.2,38.0,21.0,115.0,0.994,3.16,0.67,10.0,1
618,2366,8.2,0.3,0.44,12.4,43.0,52.0,154.0,0.99452,3.04,0.33,12.0,1
619,2368,5.8,0.2,0.34,1.0,35.0,40.0,86.0,0.98993,3.5,0.42,11.7,1
620,2369,7.3,0.26,0.53,12.7,47.0,60.5,164.5,0.9984,3.06,0.45,9.1,1
621,2372,7.1,0.13,0.29,15.5,64.0,56.0,115.5,0.99737,3.16,0.41,9.7,1
622,2376,6.8,0.17,0.17,5.1,49.0,26.0,82.0,0.993,3.0,0.38,9.8,1
623,2381,6.4,0.24,0.29,1.0,38.0,18.0,122.0,0.9906,3.3,0.42,11.5,1
624,2398,6.9,0.32,0.16,1.4,51.0,15.0,96.0,0.994,3.22,0.38,9.5,1
625,2404,7.4,0.33,0.26,15.6,49.0,67.0,210.0,0.99907,3.06,0.68,9.5,1
626,2405,6.5,0.24,0.19,1.2,41.0,30.0,111.0,0.99254,2.99,0.46,9.4,1
627,2407,5.7,0.27,0.16,9.0,53.0,32.0,111.0,0.99474,3.36,0.37,10.4,1
628,2410,7.8,0.3,0.29,16.85,54.0,23.0,135.0,0.9998,3.16,0.38,9.0,1
629,2412,7.4,0.28,0.5,12.1,49.0,48.0,122.0,0.9973,3.01,0.44,9.0,1
630,2413,7.5,0.35,0.37,2.5,66.0,29.0,89.0,0.98964,3.14,0.42,12.7,1
631,2416,7.2,0.19,0.27,11.2,61.0,46.0,149.0,0.99772,2.99,0.59,9.3,1
632,2419,6.6,0.21,0.29,5.35,29.0,43.0,106.0,0.99112,2.93,0.43,11.5,1
633,2426,6.8,0.32,0.37,3.4,23.0,19.0,87.0,0.9902,3.14,0.53,12.7,1
634,2427,7.5,0.28,0.41,1.3,44.0,11.0,126.0,0.99293,3.28,0.45,10.3,1
635,2430,6.4,0.18,0.31,1.6,49.0,36.0,127.0,0.9934,3.6,0.67,10.4,1
636,2434,5.7,0.31,0.28,4.1,0.03,22.0,86.0,0.99062,3.31,0.38,11.7,1
637,2435,8.9,0.27,0.34,10.7,29.0,19.5,166.0,0.99669,3.13,0.48,10.6,1
638,2445,7.4,0.16,0.27,15.5,0.05,25.0,135.0,0.9984,2.9,0.43,8.7,1
639,2447,6.3,0.21,0.33,13.9,46.0,68.0,179.0,0.9971,3.36,0.5,10.4,1
640,2452,7.3,0.3,0.34,2.7,44.0,34.0,108.0,0.99105,3.36,0.53,12.8,1
641,2453,7.2,0.21,0.41,1.3,36.0,33.0,85.0,0.992,3.17,0.51,10.4,1
642,2456,7.1,0.21,0.28,2.7,34.0,23.0,111.0,0.99405,3.35,0.64,10.2,1
643,2462,7.6,0.51,0.24,1.2,0.04,10.0,104.0,0.992,3.05,0.29,10.8,1
644,2467,7.1,0.34,0.2,6.1,63.0,47.0,164.0,0.9946,3.17,0.42,10.0,1
645,2468,4.7,0.785,0.0,3.4,36.0,23.0,134.0,0.98981,3.53,0.92,13.8,1
646,2478,8.2,0.28,0.42,1.8,31.0,30.0,93.0,0.9917,3.09,0.39,11.4,1
647,2480,6.4,0.37,0.37,4.85,41.0,39.5,216.5,0.99432,3.1,0.5,9.8,1
648,2481,5.6,0.225,0.24,9.8,54.0,59.0,140.0,0.99545,3.17,0.39,10.2,1
649,2488,7.9,0.2,0.49,1.6,53.0,15.0,144.0,0.993,3.16,0.47,10.5,1
650,2496,8.9,0.21,0.34,7.1,37.0,33.0,150.0,0.9962,3.1,0.45,9.7,1
651,2501,8.3,0.33,0.43,9.2,46.0,22.0,126.0,0.9982,3.38,0.47,9.3,1
652,2504,7.0,0.21,0.34,8.5,33.0,31.0,253.0,0.9953,3.22,0.56,10.5,1
653,2508,6.5,0.24,0.39,17.3,52.0,22.0,126.0,0.99888,3.11,0.47,9.2,1
654,2514,6.6,0.27,0.52,8.1,44.0,53.0,202.0,0.99548,3.18,0.48,9.5,1
655,2515,6.5,0.18,0.34,1.6,0.04,43.0,148.0,0.9912,3.32,0.59,11.5,1
656,2516,7.7,0.35,0.49,8.65,33.0,42.0,186.0,0.9931,3.14,0.38,12.4,1
657,2518,6.6,0.16,0.36,1.1,31.0,27.0,93.0,0.98884,3.23,0.34,13.2,1
658,2521,5.8,0.39,0.47,7.5,27.0,12.0,88.0,0.9907,3.38,0.45,14.0,1
659,2523,6.6,0.41,0.16,1.4,37.0,28.0,160.0,0.99167,2.95,0.45,10.6,1
660,2524,8.5,0.23,0.34,1.3,35.0,54.0,110.0,0.99176,3.07,0.55,11.0,1
661,2525,6.3,0.27,0.46,11.75,37.0,61.0,212.0,0.9971,3.25,0.53,9.5,1
662,2527,7.3,0.25,0.26,7.2,48.0,52.0,207.0,0.99587,3.12,0.37,9.2,1
663,2530,6.3,0.27,0.18,7.7,48.0,45.0,186.0,0.9962,3.23,0.47,9.0,1
664,2531,6.3,0.27,0.29,12.2,44.0,59.0,196.0,0.99782,3.14,0.4,8.8,1
665,2538,4.9,0.335,0.14,1.3,36.0,69.0,168.0,0.99212,3.47,0.46,10.4666666666667,1
666,2553,7.2,0.26,0.44,7.1,27.0,25.0,126.0,0.993,3.02,0.34,11.1,1
667,2558,5.8,0.19,0.33,4.2,38.0,49.0,133.0,0.99107,3.16,0.42,11.3,1
668,2573,8.6,0.18,0.4,1.1,0.04,20.0,107.0,0.9923,2.94,0.32,10.2,1
669,2579,7.3,0.25,0.36,2.1,34.0,30.0,177.0,0.99085,3.25,0.4,11.9,1
670,2583,7.6,0.285,0.32,14.6,63.0,32.0,201.0,0.998,3.0,0.45,9.2,1
671,2589,7.9,0.41,0.37,4.5,0.03,40.0,114.0,0.992,3.17,0.54,12.4,1
672,2595,6.7,0.27,0.33,3.6,34.0,9.0,45.0,0.99144,3.08,0.4,10.5,1
673,2605,5.7,0.15,0.47,11.4,35.0,49.0,128.0,0.99456,3.03,0.34,10.5,1
674,2606,6.3,0.17,0.32,4.2,0.04,37.0,117.0,0.99182,3.24,0.43,11.3,1
675,2612,6.7,0.11,0.34,8.8,43.0,41.0,113.0,0.9962,3.42,0.4,9.3,1
676,2619,9.0,0.31,0.49,6.9,34.0,26.0,91.0,0.9937,2.99,0.34,11.5,1
677,2620,8.3,0.24,0.27,2.1,0.03,22.0,162.0,0.9914,2.99,0.68,11.9,1
678,2621,6.1,0.38,0.14,3.9,0.06,27.0,113.0,0.99344,3.07,0.34,9.2,1
679,2626,5.7,0.26,0.27,4.1,201.0,73.5,189.5,0.9942,3.27,0.38,9.4,1
680,2633,6.2,0.15,0.27,11.0,35.0,46.0,116.0,0.99602,3.12,0.38,9.1,1
681,2635,7.4,0.25,0.37,13.5,0.06,52.0,192.0,0.9975,3.0,0.44,9.1,1
682,2636,5.6,0.2,0.36,2.5,48.0,16.0,125.0,0.99282,3.49,0.49,10.0,1
683,2641,5.4,0.265,0.28,7.8,52.0,27.0,91.0,0.99432,3.19,0.38,10.4,1
684,2642,5.7,0.28,0.36,1.8,41.0,38.0,90.0,0.99002,3.27,0.98,11.9,1
685,2647,6.8,0.21,0.36,18.1,46.0,32.0,133.0,1.0,3.27,0.48,8.8,1
686,2652,7.9,0.33,0.26,1.2,44.0,23.0,103.0,0.9932,3.19,0.54,10.5,1
687,2655,6.9,0.21,0.24,1.8,21.0,17.0,80.0,0.98992,3.15,0.46,12.3,1
688,2660,6.6,0.26,0.56,15.4,53.0,32.0,141.0,0.9981,3.11,0.49,9.3,1
689,2662,6.5,0.36,0.28,3.2,37.0,29.0,119.0,0.9908,3.25,0.65,12.4,1
690,2667,5.4,0.595,0.1,2.8,42.0,26.0,80.0,0.9932,3.36,0.38,9.3,1
691,2669,7.6,0.39,0.22,2.8,36.0,19.0,113.0,0.9926,3.03,0.29,10.2,1
692,2670,6.7,0.34,0.3,15.6,54.0,51.0,196.0,0.9982,3.19,0.49,9.3,1
693,2671,7.4,0.24,0.29,10.1,0.05,21.0,105.0,0.9962,3.13,0.35,9.5,1
694,2679,6.2,0.29,0.23,12.4,48.0,33.0,201.0,0.99612,3.11,0.56,9.9,1
695,2682,6.2,0.355,0.35,2.0,46.0,31.0,95.0,0.98822,3.06,0.46,13.6,1
696,2684,6.8,0.28,0.44,11.5,0.04,58.0,223.0,0.9969,3.22,0.56,9.5,1
697,2687,6.3,0.22,0.33,1.7,41.0,67.0,164.0,0.9928,3.32,0.56,10.4,1
698,2688,7.0,0.24,0.24,1.8,47.0,29.0,91.0,0.99251,3.3,0.43,9.9,1
699,2695,7.8,0.43,0.49,13.0,33.0,37.0,158.0,0.9955,3.14,0.35,11.3,1
700,2704,7.1,0.36,0.56,1.3,46.0,25.0,102.0,0.9923,3.24,0.33,10.5,1
701,2705,6.8,0.35,0.53,10.1,53.0,37.0,151.0,0.9963,3.07,0.4,9.4,1
702,2710,7.1,0.39,0.3,9.9,37.0,29.0,124.0,0.99414,3.07,0.42,10.9,1
703,2716,6.0,0.16,0.22,1.6,42.0,36.0,106.0,0.9905,3.24,0.32,11.4,1
704,2717,7.7,0.28,0.24,2.4,44.0,29.0,157.0,0.99312,3.27,0.56,10.6,1
705,2720,7.7,0.26,0.31,1.3,43.0,47.0,155.0,0.9937,3.42,0.5,10.1,1
706,2723,6.4,0.5,0.2,2.4,59.0,19.0,112.0,0.99314,3.18,0.4,9.2,1
707,2726,6.8,0.27,0.28,13.3,76.0,50.0,163.0,0.9979,3.03,0.38,8.6,1
708,2728,5.6,0.2,0.22,1.3,49.0,25.0,155.0,0.99296,3.74,0.43,10.0,1
709,2734,6.5,0.26,0.27,12.9,44.0,69.0,215.0,0.9967,3.17,0.43,10.0,1
710,2735,6.7,0.16,0.28,2.5,46.0,40.0,153.0,0.9921,3.38,0.51,11.4,1
711,2741,6.1,0.35,0.24,2.3,34.0,25.0,133.0,0.9906,3.34,0.59,12.0,1
712,2742,6.9,0.19,0.35,13.5,38.0,49.0,118.0,0.99546,3.0,0.63,10.7,1
713,2744,8.3,0.14,0.34,1.1,42.0,7.0,47.0,0.9934,3.47,0.4,10.2,1
714,2745,5.8,0.17,0.34,1.8,45.0,96.0,170.0,0.99035,3.38,0.9,11.8,1
715,2746,6.0,0.28,0.24,17.8,47.0,42.0,111.0,0.99896,3.1,0.45,8.9,1
716,2750,7.3,0.36,0.62,7.1,33.0,48.0,185.0,0.99472,3.14,0.62,10.6,1
717,2753,7.2,0.685,0.21,9.5,0.07,33.0,172.0,0.9971,3.0,0.55,9.1,1
718,2755,5.3,0.32,0.12,6.6,43.0,22.0,141.0,0.9937,3.36,0.6,10.4,1
719,2757,7.2,0.115,0.3,6.8,56.0,26.0,105.0,0.9954,3.44,0.4,9.6,1
720,2758,7.5,0.26,0.26,18.35,84.0,33.0,139.0,1.0011,3.17,0.39,8.8,1
721,2760,7.4,0.3,0.3,5.2,53.0,45.0,163.0,0.9941,3.12,0.45,10.3,1
722,2762,6.3,0.34,0.52,6.3,47.0,63.0,186.0,0.99481,3.18,0.44,9.6,1
723,2763,8.6,0.55,0.35,15.55,57.0,35.5,366.5,1.0001,3.04,0.63,11.0,1
724,2773,6.9,0.52,0.54,7.9,36.0,23.0,169.0,0.99267,3.26,0.47,12.2,1
725,2775,7.9,0.27,0.27,1.7,34.0,25.0,122.0,0.99088,2.97,0.51,11.9,1
726,2779,6.1,0.41,0.14,10.4,37.0,18.0,119.0,0.996,3.38,0.45,10.0,1
727,2781,6.3,0.26,0.25,5.2,46.0,11.0,133.0,0.99202,2.97,0.68,11.0,1
728,2783,5.9,0.42,0.36,2.4,34.0,19.0,77.0,0.99184,3.25,0.48,10.9,1
729,2785,7.1,0.47,0.29,14.8,24.0,22.0,142.0,0.99518,3.12,0.48,12.0,1
730,2803,5.2,0.38,0.26,7.7,53.0,20.0,103.0,0.9925,3.27,0.45,12.2,1
731,2804,9.2,0.14,0.37,1.1,34.0,36.0,84.0,0.99136,3.05,0.55,11.6,1
732,2806,7.4,0.37,0.26,9.6,0.05,33.0,134.0,0.99608,3.13,0.46,10.4,1
733,2808,6.5,0.37,0.3,2.2,33.0,39.0,107.0,0.98894,3.22,0.53,13.5,1
734,2810,8.9,0.3,0.35,4.6,32.0,32.0,148.0,0.99458,3.15,0.45,11.5,1
735,2813,7.6,0.2,0.26,4.8,33.0,26.0,76.0,0.99076,2.98,0.49,12.3,1
736,2816,6.0,0.24,0.33,2.5,26.0,31.0,85.0,0.99014,3.13,0.5,11.3,1
737,2823,7.5,0.2,0.49,1.3,31.0,8.0,97.0,0.9918,3.06,0.62,11.1,1
738,2824,5.8,0.34,0.21,7.2,41.0,48.0,146.0,0.99441,3.16,0.49,9.8,1
739,2830,7.8,0.29,0.22,9.5,56.0,44.0,213.0,0.99715,3.08,0.61,9.3,1
740,2844,6.4,0.42,0.46,8.4,0.05,58.0,180.0,0.99495,3.18,0.46,9.7,1
741,2846,5.4,0.46,0.15,2.1,26.0,29.0,130.0,0.98953,3.39,0.77,13.4,1
742,2848,7.4,0.25,0.36,13.2,67.0,53.0,178.0,0.9976,3.01,0.48,9.0,1
743,2849,6.9,0.15,0.28,4.4,29.0,14.0,107.0,0.99347,3.24,0.46,10.4,1
744,2851,7.1,0.49,0.22,2.0,47.0,146.5,307.5,0.9924,3.24,0.37,11.0,1
745,2856,7.4,0.24,0.36,2.0,31.0,27.0,139.0,0.99055,3.28,0.48,12.5,1
746,2867,5.9,0.37,0.3,1.5,33.0,35.0,95.0,0.98986,3.36,0.56,12.0,1
747,2869,7.0,0.27,0.36,20.7,45.0,45.0,170.0,1.001,3.0,0.45,8.8,1
748,2870,6.8,0.2,0.36,1.6,28.0,7.0,46.0,0.99175,3.21,0.6,10.9,1
749,2871,6.9,0.36,0.28,13.55,48.0,51.0,189.0,0.99782,3.0,0.6,9.5,1
750,2874,7.2,0.34,0.28,10.4,108.0,43.0,187.0,0.99738,2.96,0.57,9.4,1
751,2876,6.0,0.26,0.29,3.1,41.0,37.0,144.0,0.98944,3.22,0.39,12.8,1
752,2877,7.3,0.34,0.21,3.2,0.05,14.0,136.0,0.9936,3.25,0.44,10.2,1
753,2878,6.1,0.24,0.3,1.5,45.0,22.0,61.0,0.992,3.31,0.54,10.4,1
754,2879,7.1,0.23,0.39,1.6,32.0,12.0,65.0,0.9898,3.25,0.4,12.7,1
755,2897,7.1,0.27,0.24,12.6,44.0,48.0,118.0,0.99726,3.04,0.56,10.0,1
756,2903,5.9,0.28,0.34,3.6,0.04,50.0,194.0,0.9912,3.31,0.52,11.6,1
757,2906,6.5,0.18,0.41,14.2,39.0,47.0,129.0,0.99678,3.28,0.72,10.3,1
758,2907,7.3,0.34,0.3,9.4,57.0,34.0,178.0,0.99554,3.15,0.44,10.4,1
759,2908,5.8,0.34,0.16,7.0,37.0,26.0,116.0,0.9949,3.46,0.45,10.0,1
760,2911,4.2,0.215,0.23,5.1,41.0,64.0,157.0,0.99688,3.42,0.44,8.0,1
761,2921,6.4,0.23,0.35,4.6,39.0,43.0,147.0,0.99216,3.18,0.4,11.0,1
762,2928,7.8,0.2,0.28,10.2,54.0,78.0,186.0,0.997,3.14,0.46,10.0,1
763,2930,7.4,0.16,0.3,13.7,56.0,33.0,168.0,0.99825,2.9,0.44,8.7,1
764,2938,7.7,0.25,0.49,2.5,47.0,31.0,169.0,0.99252,3.07,0.57,10.6,1
765,2939,7.4,0.27,0.26,11.8,53.0,55.0,173.0,0.99699,3.11,0.6,9.8,1
766,2941,6.5,0.19,0.28,1.4,46.0,22.0,90.0,0.99038,3.18,0.51,11.7,1
767,2942,7.3,0.26,0.33,17.85,49.0,41.5,195.0,1.0,3.06,0.44,9.1,1
768,2947,6.5,0.32,0.23,8.5,51.0,20.0,138.0,0.9943,3.03,0.42,10.7,1
769,2956,6.7,0.3,0.5,12.1,45.0,38.0,127.0,0.9974,3.04,0.53,8.9,1
770,2957,7.0,0.47,0.07,1.1,35.0,17.0,151.0,0.991,3.02,0.34,10.5,1
771,2969,6.4,0.35,0.35,5.6,34.0,9.0,148.0,0.99441,3.17,0.5,9.8,1
772,2970,7.8,0.18,0.31,12.2,53.0,46.0,140.0,0.998,3.06,0.53,8.9,1
773,2971,7.7,0.16,0.49,2.0,56.0,20.0,124.0,0.9948,3.32,0.49,10.7,1
774,2973,7.9,0.345,0.51,15.3,47.0,54.0,171.0,0.9987,3.09,0.51,9.1,1
775,2975,7.3,0.24,0.34,15.4,0.05,38.0,174.0,0.9983,3.03,0.42,9.0,1
776,2979,6.7,0.36,0.28,8.3,34.0,29.0,81.0,0.99151,2.96,0.39,12.5,1
777,2980,5.6,0.19,0.27,0.9,0.04,52.0,103.0,0.99026,3.5,0.39,11.2,1
778,2983,6.7,0.28,0.34,8.9,48.0,32.0,111.0,0.99455,3.25,0.54,11.0,1
779,2987,6.8,0.27,0.22,17.8,34.0,16.0,116.0,0.9989,3.07,0.53,9.2,1
780,2989,6.1,0.28,0.23,4.2,38.0,13.0,95.0,0.98898,2.97,0.7,13.1,1
781,3000,6.8,0.32,0.33,0.7,27.0,15.0,66.0,0.9899,3.11,0.31,11.8,1
782,3001,7.0,0.3,0.38,14.9,32.0,60.0,181.0,0.9983,3.18,0.61,9.3,1
783,3004,7.5,0.32,0.37,1.2,48.0,22.0,184.0,0.9938,3.09,0.43,9.3,1
784,3005,6.7,0.19,0.41,15.6,56.0,75.0,155.0,0.9995,3.2,0.44,8.8,1
785,3006,7.2,0.33,0.34,2.0,44.0,61.0,171.0,0.98947,3.25,0.53,13.3,1
786,3024,7.1,0.21,0.28,2.7,34.0,23.0,111.0,0.99405,3.35,0.64,10.2,1
787,3025,6.2,0.35,0.31,2.6,36.0,37.0,92.0,0.98938,3.27,0.53,12.8,1
788,3026,8.5,0.17,0.49,8.8,48.0,23.0,108.0,0.9947,2.88,0.34,10.5,1
789,3029,7.4,0.22,0.27,1.6,57.0,45.0,98.0,0.99299,3.29,0.44,9.9,1
790,3035,7.4,0.4,0.29,5.4,44.0,31.0,122.0,0.994,3.3,0.5,11.1,1
791,3038,6.6,0.22,0.53,15.1,52.0,22.0,136.0,0.9986,2.94,0.35,9.4,1
792,3041,7.7,0.16,0.41,1.7,48.0,60.0,173.0,0.9932,3.24,0.66,11.2,1
793,3043,7.5,0.38,0.29,12.7,0.05,25.0,209.0,0.9986,3.25,0.59,9.3,1
794,3046,7.8,0.21,0.39,1.8,34.0,62.0,180.0,0.991,3.09,0.75,12.6,1
795,3049,7.0,0.24,0.34,1.4,31.0,27.0,107.0,0.99,3.06,0.39,11.9,1
796,3050,7.1,0.18,0.26,1.3,41.0,20.0,71.0,0.9926,3.04,0.74,9.9,1
797,3051,8.1,0.2,0.28,0.9,23.0,49.0,87.0,0.99062,2.92,0.36,11.1,1
798,3065,6.6,0.15,0.34,1.0,37.0,45.0,79.0,0.98949,2.96,0.5,11.7,1
799,3070,5.9,0.24,0.3,2.0,33.0,28.0,92.0,0.99225,3.39,0.69,10.9,1
800,3079,7.3,0.18,0.29,1.2,44.0,12.0,143.0,0.9918,3.2,0.48,11.3,1
801,3080,6.8,0.21,0.55,14.6,53.0,34.0,159.0,0.99805,2.93,0.44,9.2,1
802,3082,7.1,0.31,0.25,11.2,48.0,32.0,136.0,0.99663,3.14,0.4,9.5,1
803,3083,7.2,0.37,0.15,2.0,29.0,27.0,87.0,0.9903,3.3,0.59,12.6,1
804,3089,7.6,0.19,0.38,10.6,0.06,48.0,174.0,0.9962,3.13,0.38,10.5,1
805,3105,5.4,0.59,0.07,7.0,45.0,36.0,147.0,0.9944,3.34,0.57,9.7,1
806,3106,6.5,0.4,0.31,3.5,46.0,22.0,147.0,0.99024,3.15,0.31,12.0,1
807,3110,7.2,0.28,0.38,2.0,52.0,23.0,156.0,0.9912,3.13,0.52,11.1,1
808,3111,6.1,0.27,0.32,6.2,48.0,47.0,161.0,0.99281,3.22,0.6,11.0,1
809,3113,6.8,0.35,0.44,6.5,56.0,31.0,161.0,0.9952,3.14,0.44,9.5,1
810,3114,7.4,0.18,0.27,1.3,48.0,26.0,105.0,0.994,3.52,0.66,10.6,1
811,3117,6.4,0.29,0.21,9.65,41.0,36.0,119.0,0.99334,2.99,0.34,10.9333333333333,1
812,3127,6.8,0.24,0.31,18.3,46.0,40.0,142.0,1.0,3.3,0.41,8.7,1
813,3128,6.8,0.25,0.37,3.1,26.0,29.0,93.0,0.99035,3.14,0.45,12.2,1
814,3132,6.4,0.3,0.38,7.8,46.0,35.0,192.0,0.9955,3.1,0.37,9.0,1
815,3137,6.0,0.39,0.26,2.7,38.0,39.0,187.0,0.99325,3.41,0.5,10.8,1
816,3139,6.5,0.25,0.35,12.0,55.0,47.0,179.0,0.998,3.58,0.47,10.0,1
817,3142,6.6,0.25,0.3,1.6,46.0,32.0,134.0,0.993,3.42,0.51,10.1,1
818,3149,6.0,0.26,0.33,4.35,0.04,15.0,80.0,0.98934,3.29,0.5,12.7,1
819,3156,5.6,0.18,0.31,1.5,38.0,16.0,84.0,0.9924,3.34,0.58,10.1,1
820,3171,7.1,0.26,0.3,2.0,31.0,13.0,128.0,0.9917,3.19,0.49,11.4,1
821,3176,7.4,0.38,0.34,8.3,52.0,44.0,168.0,0.99627,3.11,0.52,9.2,1
822,3178,6.8,0.18,0.35,5.4,54.0,53.0,143.0,0.99287,3.1,0.54,11.0,1
823,3179,6.5,0.28,0.34,3.6,0.04,29.0,121.0,0.99111,3.28,0.48,12.1,1
824,3181,7.5,0.24,0.62,10.6,45.0,51.0,153.0,0.99779,3.16,0.44,8.8,1
825,3188,7.6,0.31,0.27,8.8,21.0,57.0,156.0,0.99442,3.08,0.38,11.0,1
826,3190,6.6,0.23,0.3,14.9,51.0,33.0,118.0,0.99835,3.04,0.54,9.0,1
827,3197,8.4,0.31,0.31,0.95,21.0,52.0,148.0,0.99038,2.93,0.32,11.5,1
828,3203,6.6,0.24,0.22,12.3,51.0,35.0,146.0,0.99676,3.1,0.67,9.4,1
829,3213,6.8,0.22,0.29,8.9,46.0,82.0,188.0,0.9955,3.3,0.44,10.3,1
830,3214,7.2,0.23,0.46,6.4,36.0,17.0,85.0,0.99279,3.1,0.78,11.7,1
831,3218,6.2,0.17,0.28,4.7,37.0,39.0,133.0,0.9931,3.41,0.46,10.8,1
832,3219,6.6,0.23,0.18,8.5,44.0,59.0,188.0,0.99558,3.16,0.49,9.5,1
833,3221,6.9,0.19,0.49,6.6,36.0,49.0,172.0,0.9932,3.2,0.27,11.5,1
834,3222,6.7,0.15,0.38,1.7,37.0,20.0,84.0,0.99046,3.09,0.53,11.4,1
835,3225,7.6,0.38,0.28,4.2,29.0,7.0,112.0,0.9906,3.0,0.41,12.6,1
836,3226,6.7,0.15,0.38,1.7,37.0,20.0,84.0,0.99046,3.09,0.53,11.4,1
837,3228,7.0,0.34,0.3,1.8,45.0,44.0,142.0,0.9914,2.99,0.45,10.8,1
838,3232,6.0,0.38,0.26,6.0,34.0,42.0,134.0,0.9912,3.38,0.38,12.3,1
839,3236,6.7,0.21,0.37,2.5,34.0,35.0,89.0,0.9913,3.25,0.5,11.0,1
840,3237,6.0,0.29,0.25,1.4,33.0,30.0,114.0,0.98794,3.08,0.43,13.2,1
841,3256,6.8,0.15,0.41,12.9,44.0,79.5,182.0,0.99742,3.24,0.78,10.2,1
842,3266,6.2,0.27,0.49,1.4,0.05,20.0,74.0,0.9931,3.32,0.44,9.8,1
843,3275,7.9,0.2,0.34,1.2,0.04,29.0,118.0,0.9932,3.14,0.41,10.6,1
844,3285,4.9,0.335,0.14,1.3,36.0,69.0,168.0,0.99212,3.47,0.46,10.4666666666667,1
845,3286,6.8,0.34,0.69,1.3,58.0,12.0,171.0,0.9931,3.06,0.47,9.7,1
846,3295,6.5,0.48,0.02,0.9,43.0,32.0,99.0,0.99226,3.14,0.47,9.8,1
847,3299,5.7,0.22,0.25,1.1,0.05,97.0,175.0,0.99099,3.44,0.62,11.1,1
848,3303,7.6,0.19,0.37,13.1,33.0,52.0,151.0,0.99726,3.18,0.79,10.4,1
849,3319,6.7,0.24,0.39,2.9,173.0,63.0,157.0,0.9937,3.1,0.34,9.4,1
850,3333,7.8,0.22,0.26,9.0,47.0,38.0,132.0,0.997,3.25,0.53,10.2,1
851,3336,6.4,0.29,0.44,3.6,197.0,75.0,183.0,0.9942,3.01,0.38,9.1,1
852,3338,6.8,0.705,0.25,3.2,48.0,10.0,57.0,0.996,3.36,0.52,9.5,1
853,3340,8.4,0.19,0.42,1.6,47.0,9.0,101.0,0.994,3.06,0.65,11.1,1
854,3342,5.8,0.33,0.2,16.05,47.0,26.0,166.0,0.9976,3.09,0.46,8.9,1
855,3350,7.0,0.31,0.31,9.1,36.0,45.0,140.0,0.99216,2.98,0.31,12.0,1
856,3357,6.4,0.41,0.01,6.1,48.0,20.0,70.0,0.99362,3.19,0.42,10.0,1
857,3360,7.1,0.21,0.32,2.2,37.0,28.0,141.0,0.993,3.2,0.57,10.0,1
858,3368,6.1,0.25,0.24,12.1,46.0,51.0,172.0,0.998,3.35,0.45,9.5,1
859,3371,6.8,0.32,0.3,3.3,29.0,15.0,80.0,0.99061,3.33,0.63,12.6,1
860,3377,8.2,0.23,0.4,1.2,27.0,36.0,121.0,0.992,3.12,0.38,10.7,1
861,3379,6.8,0.18,0.3,12.8,62.0,19.0,171.0,0.99808,3.0,0.52,9.0,1
862,3380,7.9,0.25,0.34,11.4,0.04,53.0,202.0,0.99708,3.11,0.57,9.6,1
863,3384,6.1,0.4,0.31,0.9,48.0,23.0,170.0,0.993,3.22,0.77,9.5,1
864,3391,7.3,0.15,0.4,2.0,0.05,24.0,92.0,0.9932,3.14,0.45,10.5,1
865,3393,7.7,0.29,0.29,4.8,0.06,27.0,156.0,0.99572,3.49,0.59,10.3,1
866,3394,7.4,0.105,0.34,12.2,0.05,57.0,146.0,0.9973,3.16,0.37,9.0,1
867,3399,5.8,0.25,0.28,11.1,56.0,45.0,175.0,0.99755,3.42,0.43,9.5,1
868,3409,7.7,0.24,0.31,1.3,47.0,33.0,106.0,0.993,3.22,0.55,10.8,1
869,3410,6.5,0.18,0.33,1.4,29.0,35.0,138.0,0.99114,3.36,0.6,11.5,1
870,3416,5.6,0.12,0.26,4.3,38.0,18.0,97.0,0.99477,3.36,0.46,9.2,1
871,3418,5.9,0.34,0.31,2.0,0.03,38.0,142.0,0.98892,3.4,0.41,12.9,1
872,3419,6.9,0.25,0.33,1.2,35.0,35.0,158.0,0.99082,3.02,0.58,11.3,1
873,3421,7.4,0.19,0.49,9.3,0.03,26.0,132.0,0.994,2.99,0.32,11.0,1
874,3424,7.7,0.34,0.28,11.0,0.04,31.0,117.0,0.99815,3.27,0.29,9.2,1
875,3434,6.5,0.27,0.26,11.0,0.03,2.0,82.0,0.99402,3.07,0.36,11.2,1
876,3439,5.7,0.22,0.22,16.65,44.0,39.0,110.0,0.99855,3.24,0.48,9.0,1
877,3443,6.8,0.28,0.29,11.9,52.0,51.0,149.0,0.99544,3.02,0.58,10.4,1
878,3444,6.0,0.28,0.27,15.5,36.0,31.0,134.0,0.99408,3.19,0.44,13.0,1
879,3446,6.0,0.31,0.24,3.3,41.0,25.0,143.0,0.9914,3.31,0.44,11.3,1
880,3456,7.4,0.25,0.36,13.2,67.0,53.0,178.0,0.9976,3.01,0.48,9.0,1
881,3459,5.7,0.32,0.18,1.4,29.0,26.0,104.0,0.9906,3.44,0.37,11.0,1
882,3463,5.6,0.185,0.19,7.1,48.0,36.0,110.0,0.99438,3.26,0.41,9.5,1
883,3468,6.6,0.25,0.31,1.5,35.0,32.0,127.0,0.9921,3.41,0.47,11.3,1
884,3479,8.8,0.36,0.44,1.9,0.04,9.0,121.0,0.9953,3.19,0.48,9.9,1
885,3483,6.5,0.19,0.26,5.2,0.04,31.0,140.0,0.995,3.26,0.68,9.5,1
886,3487,6.2,0.2,0.26,1.1,47.0,42.0,119.0,0.99158,3.48,0.6,11.0,1
887,3502,8.4,0.17,0.31,5.4,52.0,47.0,150.0,0.9953,3.24,0.38,9.8,1
888,3504,7.1,0.23,0.39,13.7,58.0,26.0,172.0,0.99755,2.9,0.46,9.0,1
889,3508,7.6,0.25,1.23,4.6,35.0,51.0,294.0,0.99018,3.03,0.43,13.1,1
890,3514,8.0,0.25,0.49,1.2,61.0,27.0,117.0,0.9938,3.08,0.34,9.4,1
891,3518,6.7,0.24,0.37,11.3,43.0,64.0,173.0,0.99632,3.08,0.53,9.9,1
892,3521,6.4,0.3,0.45,3.5,197.0,76.0,180.0,0.9942,3.02,0.39,9.1,1
893,3529,7.0,0.16,0.25,14.3,44.0,27.0,149.0,0.998,2.91,0.46,9.2,1
894,3532,6.8,0.25,0.29,2.0,42.0,19.0,189.0,0.9952,3.46,0.54,10.2,1
895,3534,6.2,0.33,0.14,4.8,52.0,27.0,128.0,0.99475,3.21,0.48,9.4,1
896,3535,7.0,0.23,0.42,5.1,42.0,37.0,144.0,0.99518,3.5,0.59,10.2,1
897,3544,7.3,0.23,0.41,14.6,48.0,73.0,223.0,0.99863,3.16,0.71,9.4,1
898,3546,6.9,0.37,0.28,13.8,31.0,34.0,137.0,0.9948,3.1,0.37,11.6,1
899,3547,6.9,0.25,0.35,9.2,34.0,42.0,150.0,0.9947,3.21,0.36,11.5,1
900,3556,7.1,0.34,0.86,1.4,174.0,36.0,99.0,0.99288,2.92,0.5,9.3,1
901,3562,8.0,0.27,0.33,1.2,0.05,41.0,103.0,0.99002,3.0,0.45,12.4,1
902,3565,6.4,0.35,0.28,1.1,55.0,9.0,160.0,0.99405,3.42,0.5,9.1,1
903,3566,6.9,0.19,0.31,19.25,43.0,38.0,167.0,0.99954,2.93,0.52,9.1,1
904,3568,7.5,0.23,0.32,9.2,38.0,54.0,191.0,0.9966,3.04,0.56,9.7,1
905,3571,6.4,0.38,0.26,8.2,43.0,28.0,98.0,0.99234,2.99,0.31,11.4,1
906,3572,6.6,0.3,0.3,4.8,0.17,60.0,166.0,0.9946,3.18,0.47,9.4,1
907,3573,8.0,0.23,0.41,1.1,48.0,35.0,150.0,0.99168,3.09,0.47,11.2,1
908,3574,7.7,0.4,0.27,4.5,34.0,27.0,95.0,0.99175,3.21,0.59,12.3,1
909,3575,6.9,0.35,0.39,2.4,48.0,25.0,157.0,0.99133,3.2,0.54,11.1,1
910,3578,3.9,0.225,0.4,4.2,0.03,29.0,118.0,0.989,3.57,0.36,12.8,1
911,3581,5.9,0.26,0.21,12.5,34.0,36.0,152.0,0.9972,3.28,0.43,9.5,1
912,3582,7.1,0.26,0.34,14.4,67.0,35.0,189.0,0.9986,3.07,0.53,9.1,1
913,3591,7.1,0.12,0.3,3.1,18.0,15.0,37.0,0.99004,3.02,0.52,11.9,1
914,3606,7.7,0.34,0.3,8.0,48.0,25.0,192.0,0.9951,2.97,0.47,10.9,1
915,3609,8.2,0.32,0.26,2.1,62.0,26.0,87.0,0.98974,3.1,0.47,12.8,1
916,3612,7.6,0.27,0.34,5.0,0.04,18.0,56.0,0.99084,3.06,0.48,12.4,1
917,3621,7.2,0.23,0.19,13.7,52.0,47.0,197.0,0.99865,3.12,0.53,9.0,1
918,3642,7.7,0.43,0.37,10.0,169.0,22.0,210.0,0.99776,3.02,0.64,9.5,1
919,3645,6.2,0.31,0.21,6.3,41.0,50.0,218.0,0.9941,3.15,0.6,10.0,1
920,3647,6.8,0.19,0.4,9.85,55.0,41.0,103.0,0.99532,2.98,0.56,10.5,1
921,3652,6.0,0.59,0.0,0.8,37.0,30.0,95.0,0.99032,3.1,0.4,10.9,1
922,3654,6.3,0.24,0.35,2.3,39.0,43.0,109.0,0.99056,3.34,0.44,11.8,1
923,3661,6.6,0.25,0.31,12.4,59.0,52.0,181.0,0.9984,3.51,0.47,9.8,1
924,3664,6.2,0.23,0.36,17.2,39.0,37.0,130.0,0.99946,3.23,0.43,8.8,1
925,3672,7.1,0.27,0.27,10.4,41.0,26.0,114.0,0.99335,3.04,0.52,11.5,1
926,3685,6.3,0.26,0.24,7.2,39.0,38.0,172.0,0.9958,3.49,0.64,9.7,1
927,3686,6.6,0.35,0.29,14.4,44.0,54.0,177.0,0.9991,3.17,0.58,8.9,1
928,3689,6.2,0.21,0.29,1.6,39.0,24.0,92.0,0.99114,3.27,0.5,11.2,1
929,3691,6.3,0.25,0.23,14.9,39.0,47.0,142.0,0.99705,3.14,0.35,9.7,1
930,3693,7.3,0.22,0.26,1.5,0.04,32.0,172.0,0.99194,3.27,0.48,11.2,1
931,3694,5.4,0.375,0.4,3.3,54.0,29.0,147.0,0.99482,3.42,0.52,9.1,1
932,3697,6.6,0.23,0.27,5.6,43.0,43.0,164.0,0.9953,3.27,0.76,9.5,1
933,3699,6.8,0.3,0.23,4.6,61.0,50.5,238.5,0.9958,3.32,0.6,9.5,1
934,3705,7.2,0.21,1.0,1.1,154.0,46.0,114.0,0.9931,2.95,0.43,9.2,1
935,3711,6.2,0.3,0.42,2.2,36.0,28.0,128.0,0.9901,3.13,0.38,11.6,1
936,3713,6.3,0.16,0.4,1.6,33.0,59.0,148.0,0.9914,3.44,0.53,11.4,1
937,3715,7.2,0.33,0.28,1.4,34.0,26.0,109.0,0.99246,3.28,0.57,10.6,1
938,3717,6.8,0.22,0.35,5.5,43.0,21.0,114.0,0.9938,3.3,0.53,10.7,1
939,3725,7.3,0.25,0.36,13.1,0.05,35.0,200.0,0.9986,3.04,0.46,8.9,1
940,3726,5.6,0.32,0.33,7.4,37.0,25.0,95.0,0.99268,3.25,0.49,11.1,1
941,3729,6.0,0.2,0.26,6.8,49.0,22.0,93.0,0.9928,3.15,0.42,11.0,1
942,3732,6.3,0.67,0.48,12.6,52.0,57.0,222.0,0.9979,3.17,0.52,9.3,1
943,3739,6.7,0.28,0.34,8.9,48.0,32.0,111.0,0.99455,3.25,0.54,11.0,1
944,3742,6.2,0.29,0.32,3.6,26.0,39.0,138.0,0.9892,3.31,0.37,13.1,1
945,3744,6.8,0.31,0.42,6.9,46.0,50.0,173.0,0.9958,3.19,0.46,9.0,1
946,3746,6.6,0.36,0.29,1.6,21.0,24.0,85.0,0.98965,3.41,0.61,12.4,1
947,3750,5.5,0.375,0.38,1.7,36.0,17.0,98.0,0.99142,3.29,0.39,10.5,1
948,3763,6.2,0.3,0.32,1.7,32.0,30.0,130.0,0.9911,3.28,0.41,11.2,1
949,3768,7.1,0.18,0.74,15.6,44.0,44.0,176.0,0.9996,3.38,0.67,9.0,1
950,3769,6.5,0.24,0.28,1.1,34.0,26.0,83.0,0.98928,3.25,0.33,12.3,1
951,3773,5.8,0.14,0.15,6.1,42.0,27.0,123.0,0.99362,3.06,0.6,9.9,1
952,3777,6.7,0.31,0.33,2.0,33.0,12.0,74.0,0.99064,3.29,0.65,12.5,1
953,3778,7.0,0.31,0.35,1.6,63.0,13.0,119.0,0.99184,3.22,0.5,10.7,1
954,3780,7.4,0.19,0.3,12.8,53.0,48.5,229.0,0.9986,3.14,0.49,9.1,1
955,3782,6.6,0.23,0.37,8.5,36.0,46.0,153.0,0.99576,3.2,0.48,9.4,1
956,3784,6.8,0.2,0.59,0.9,147.0,38.0,132.0,0.993,3.05,0.38,9.1,1
957,3785,5.5,0.12,0.33,1.0,38.0,23.0,131.0,0.99164,3.25,0.45,9.8,1
958,3789,7.0,0.2,0.34,5.7,35.0,32.0,83.0,0.9928,3.19,0.46,11.5,1
959,3809,8.0,0.24,0.33,1.2,44.0,28.0,101.0,0.99035,3.03,0.43,12.5,1
960,3811,7.3,0.22,0.4,14.75,42.0,44.5,129.5,0.9998,3.36,0.41,9.1,1
961,3812,7.4,0.32,0.27,12.9,0.04,60.0,221.0,0.99831,3.05,0.66,9.4,1
962,3813,7.9,0.17,0.32,1.6,53.0,47.0,150.0,0.9948,3.29,0.76,9.6,1
963,3815,5.7,0.31,0.29,7.3,0.05,33.0,143.0,0.99332,3.31,0.5,11.0666666666667,1
964,3816,6.3,0.32,0.32,1.5,0.03,24.0,101.0,0.98923,3.21,0.42,13.0,1
965,3836,6.6,0.31,0.49,7.7,0.05,52.0,220.0,0.9964,3.12,0.45,8.8,1
966,3843,6.8,0.26,0.43,11.75,45.0,53.0,198.0,0.9969,3.26,0.55,9.5,1
967,3851,6.2,0.16,0.32,1.1,36.0,74.0,184.0,0.99096,3.22,0.41,11.0,1
968,3852,6.4,0.21,0.28,5.9,47.0,29.0,101.0,0.99278,3.15,0.4,11.0,1
969,3855,6.2,0.44,0.18,7.7,96.0,28.0,210.0,0.99771,3.56,0.72,9.2,1
970,3857,8.0,0.14,0.33,1.2,45.0,71.0,162.0,0.9914,3.07,0.47,11.0,1
971,3860,7.0,0.33,0.28,5.7,33.0,39.0,204.0,0.99176,3.17,0.64,12.5,1
972,3866,6.6,0.34,0.4,8.1,46.0,68.0,170.0,0.99494,3.15,0.5,9.55,1
973,3878,6.0,0.26,0.32,3.8,29.0,48.0,180.0,0.99011,3.15,0.34,12.0,1
974,3881,6.6,0.25,0.34,3.0,54.0,22.0,141.0,0.99338,3.26,0.47,10.4,1
975,3882,9.8,0.42,0.48,9.85,34.0,5.0,110.0,0.9958,2.87,0.29,10.0,1
976,3884,8.2,0.17,0.32,1.5,0.05,17.0,101.0,0.994,3.14,0.58,9.5,1
977,3885,6.2,0.43,0.49,6.4,45.0,12.0,115.0,0.9963,3.27,0.57,9.0,1
978,3888,7.8,0.25,0.34,13.7,44.0,66.0,184.0,0.99976,3.22,0.75,8.9,1
979,3889,5.0,0.29,0.54,5.7,35.0,54.0,155.0,0.98976,3.27,0.34,12.9,1
980,3891,5.3,0.3,0.2,1.1,77.0,48.0,166.0,0.9944,3.3,0.54,8.7,1
981,3894,6.4,0.23,0.35,10.3,42.0,54.0,140.0,0.9967,3.23,0.47,9.2,1
982,3895,7.2,0.24,0.36,2.0,29.0,21.0,63.0,0.99076,3.13,0.63,12.5,1
983,3910,7.0,0.24,0.26,1.7,41.0,31.0,110.0,0.99142,3.2,0.53,11.0,1
984,3920,6.5,0.18,0.41,14.2,39.0,47.0,129.0,0.99678,3.28,0.72,10.3,1
985,3921,6.8,0.33,0.31,7.4,45.0,34.0,143.0,0.99226,3.06,0.55,12.2,1
986,3931,7.7,0.28,0.29,4.3,51.0,25.0,142.0,0.9939,3.16,0.39,10.2,1
987,3935,6.8,0.29,0.49,1.4,142.0,52.0,148.0,0.9937,3.08,0.49,9.0,1
988,3939,6.1,0.21,0.19,1.4,46.0,51.0,131.0,0.99184,3.22,0.39,10.5,1
989,3941,6.2,0.15,0.49,0.9,33.0,17.0,51.0,0.9932,3.3,0.7,9.4,1
990,3948,5.6,0.18,0.58,1.25,34.0,29.0,129.0,0.98984,3.51,0.6,12.0,1
991,3949,7.9,0.51,0.36,6.2,51.0,30.0,173.0,0.9984,3.09,0.53,9.7,1
992,3950,6.6,0.31,0.28,1.4,35.0,28.0,107.0,0.98836,3.0,0.4,13.2,1
993,3951,7.5,0.33,0.28,4.9,42.0,21.0,155.0,0.99385,3.36,0.57,10.9,1
994,3955,7.4,0.39,0.23,7.0,33.0,29.0,126.0,0.994,3.14,0.42,10.5,1
995,3956,5.9,0.3,0.47,7.85,0.03,19.0,133.0,0.9933,3.52,0.43,11.5,1
996,3958,8.2,0.18,0.49,1.1,33.0,28.0,81.0,0.9923,3.0,0.68,10.4,1
997,3963,5.7,0.24,0.47,6.3,69.0,35.0,182.0,0.99391,3.11,0.46,9.75,1
998,3971,6.4,0.5,0.16,12.9,42.0,26.0,138.0,0.9974,3.28,0.33,9.0,1
999,3972,7.9,0.14,0.28,1.8,41.0,44.0,178.0,0.9954,3.45,0.43,9.2,1
1000,3978,6.2,0.15,0.27,1.4,41.0,51.0,117.0,0.9909,3.28,0.38,11.2,1
1001,3983,7.2,0.4,0.24,8.5,55.0,45.0,151.0,0.99626,3.2,0.52,9.2,1
1002,3987,7.3,0.26,0.33,11.8,57.0,48.0,127.0,0.99693,3.1,0.55,10.0,1
1003,3988,6.5,0.26,0.74,13.3,44.0,68.0,224.0,0.9972,3.18,0.54,9.5,1
1004,3993,6.1,0.31,0.37,8.4,31.0,70.0,170.0,0.9934,3.42,0.4,11.7,1
1005,4002,6.0,0.24,0.41,1.3,36.0,42.0,118.0,0.99018,3.04,0.64,11.7333333333333,1
1006,4004,7.5,0.24,0.31,13.1,0.05,26.0,180.0,0.99884,3.05,0.53,9.1,1
1007,4011,6.4,0.22,0.32,12.0,66.0,57.0,158.0,0.9992,3.6,0.43,9.0,1
1008,4014,7.9,0.3,0.6,1.85,48.0,13.0,106.0,0.99331,3.24,0.49,11.85,1
1009,4025,6.5,0.35,0.28,12.4,51.0,86.0,213.0,0.9962,3.16,0.51,9.9,1
1010,4032,5.7,0.32,0.5,2.6,49.0,17.0,155.0,0.9927,3.22,0.64,10.0,1
1011,4033,6.2,0.34,0.29,7.6,47.0,45.0,232.0,0.9955,3.35,0.62,10.0,1
1012,4034,6.3,0.27,0.49,1.2,63.0,35.0,92.0,0.9911,3.38,0.42,12.2,1
1013,4038,6.8,0.18,0.28,9.8,39.0,29.0,113.0,0.99406,3.11,0.45,10.9,1
1014,4041,7.0,0.17,0.31,4.8,34.0,34.0,132.0,0.9944,3.36,0.48,9.6,1
1015,4045,6.7,0.64,0.3,1.2,0.03,18.0,76.0,0.9892,3.16,0.6,12.9,1
1016,4047,7.7,0.39,0.28,4.9,35.0,36.0,109.0,0.9918,3.19,0.58,12.2,1
1017,4054,7.6,0.2,0.3,14.2,56.0,53.0,212.5,0.999,3.14,0.46,8.9,1
1018,4057,6.8,0.18,0.21,5.4,53.0,34.0,104.0,0.99445,3.3,0.43,9.4,1
1019,4061,7.3,0.22,0.26,1.5,0.04,32.0,172.0,0.99194,3.27,0.48,11.2,1
1020,4062,6.4,0.24,0.49,5.8,53.0,25.0,120.0,0.9942,3.01,0.98,10.5,1
1021,4064,8.5,0.25,0.31,2.8,32.0,11.0,61.0,0.99189,3.06,0.44,11.5,1
1022,4065,6.4,0.28,0.43,7.1,45.0,60.0,221.0,0.9952,3.09,0.45,9.4,1
1023,4069,7.6,0.2,0.39,2.6,44.0,30.0,180.0,0.9941,3.46,0.44,10.8,1
1024,4070,6.5,0.25,0.27,15.2,49.0,75.0,217.0,0.9972,3.19,0.39,9.9,1
1025,4077,6.8,0.31,0.3,8.0,28.0,33.0,122.0,0.99164,3.13,0.63,12.6,1
1026,4079,6.2,0.31,0.26,4.8,37.0,36.0,148.0,0.9928,3.21,0.41,10.4,1
1027,4084,7.5,0.42,0.45,9.1,29.0,20.0,125.0,0.996,3.12,0.36,10.1,1
1028,4088,6.1,0.16,0.24,1.4,46.0,17.0,77.0,0.99319,3.66,0.57,10.3,1
1029,4092,7.2,0.32,0.4,8.7,38.0,45.0,154.0,0.99568,3.2,0.47,10.4,1
1030,4093,7.0,0.23,0.26,7.2,41.0,21.0,90.0,0.99509,3.22,0.55,9.5,1
1031,4099,6.2,0.2,0.26,9.7,0.03,39.0,102.0,0.9908,3.08,0.56,12.9,1
1032,4102,7.1,0.45,0.24,2.7,0.04,24.0,87.0,0.98862,2.94,0.38,13.4,1
1033,4108,7.4,0.45,0.32,7.1,44.0,17.0,117.0,0.9962,3.32,0.41,10.4,1
1034,4109,6.2,0.22,0.49,6.0,29.0,31.0,128.0,0.9928,3.41,0.36,11.3,1
1035,4113,6.5,0.28,0.25,4.8,29.0,54.0,128.0,0.99074,3.17,0.44,12.2,1
1036,4118,7.1,0.27,0.31,18.2,46.0,55.0,252.0,1.0,3.07,0.56,8.7,1
1037,4123,6.6,0.325,0.49,7.7,49.0,53.0,217.0,0.996,3.16,0.4,9.3,1
1038,4132,7.8,0.26,0.49,3.2,27.0,28.0,87.0,0.9919,3.03,0.32,11.3,1
1039,4141,6.5,0.38,0.26,5.2,42.0,33.0,112.0,0.99067,3.06,0.5,12.3,1
1040,4152,6.6,0.37,0.24,2.0,64.0,23.0,120.0,0.9946,3.32,0.54,9.4,1
1041,4153,7.4,0.31,0.26,8.6,48.0,47.0,206.0,0.9964,3.26,0.36,9.1,1
1042,4156,7.3,0.22,0.31,2.3,18.0,45.0,80.0,0.98936,3.06,0.34,12.9,1
1043,4160,8.4,0.4,0.7,13.1,42.0,29.0,197.0,0.998,3.06,0.64,9.7,1
1044,4167,6.7,0.26,0.29,7.7,38.0,40.0,179.0,0.99479,3.23,0.56,10.4,1
1045,4168,6.8,0.19,0.71,17.5,42.0,21.0,114.0,0.99784,2.85,0.5,9.5,1
1046,4170,6.1,0.25,0.28,10.0,55.0,56.0,131.0,0.994,3.22,0.35,10.9,1
1047,4173,6.6,0.17,0.26,7.4,52.0,45.0,128.0,0.99388,3.16,0.37,10.0,1
1048,4180,6.7,0.22,0.22,1.2,38.0,5.0,124.0,0.99098,3.1,0.37,11.2,1
1049,4183,6.9,0.49,0.24,1.2,49.0,13.0,125.0,0.9932,3.17,0.51,9.4,1
1050,4185,7.1,0.18,0.39,14.5,51.0,48.0,156.0,0.99947,3.35,0.78,9.1,1
1051,4189,6.9,0.15,0.29,2.3,33.0,14.0,82.0,0.99132,3.1,0.58,11.2,1
1052,4193,6.0,0.28,0.24,17.8,47.0,42.0,111.0,0.99896,3.1,0.45,8.9,1
1053,4197,6.8,0.13,0.39,1.4,34.0,19.0,102.0,0.99121,3.23,0.6,11.3,1
1054,4199,6.9,0.14,0.38,1.0,41.0,22.0,81.0,0.99043,3.03,0.54,11.4,1
1055,4202,6.2,0.12,0.34,1.5,45.0,43.0,117.0,0.9939,3.42,0.51,9.0,1
1056,4203,6.0,0.27,0.27,1.6,46.0,32.0,113.0,0.9924,3.41,0.51,10.5,1
1057,4219,6.0,0.25,0.28,7.7,53.0,37.0,132.0,0.99489,3.06,0.5,9.4,1
1058,4232,8.3,0.21,0.49,19.8,54.0,50.0,231.0,1.0012,2.99,0.54,9.2,1
1059,4234,5.8,0.17,0.34,1.8,45.0,96.0,170.0,0.99035,3.38,0.9,11.8,1
1060,4236,5.9,0.19,0.37,0.8,27.0,3.0,21.0,0.9897,3.09,0.31,10.8,1
1061,4237,6.0,0.22,0.28,1.1,34.0,47.0,90.0,0.98862,3.22,0.38,12.6,1
1062,4248,7.4,0.17,0.4,5.5,37.0,34.0,161.0,0.9935,3.05,0.62,11.5,1
1063,4253,7.5,0.33,0.38,8.7,126.0,49.0,199.0,0.99711,2.98,0.57,9.4,1
1064,4256,6.6,0.22,0.29,14.4,46.0,39.0,118.0,0.99834,3.05,0.5,9.1,1
1065,4258,6.6,0.905,0.19,0.8,48.0,17.0,204.0,0.9934,3.34,0.56,10.0,1
1066,4275,6.6,0.32,0.47,15.6,63.0,27.0,173.0,0.99872,3.18,0.56,9.0,1
1067,4280,6.6,0.28,0.42,8.2,44.0,60.0,196.0,0.99562,3.14,0.48,9.4,1
1068,4281,8.3,0.21,0.58,17.1,49.0,62.0,213.0,1.0006,3.01,0.51,9.3,1
1069,4283,6.6,0.22,0.23,17.3,47.0,37.0,118.0,0.99906,3.08,0.46,8.8,1
1070,4285,6.3,0.3,0.34,1.6,49.0,14.0,132.0,0.994,3.3,0.49,9.5,1
1071,4287,7.8,0.15,0.34,1.1,35.0,31.0,93.0,0.99096,3.07,0.72,11.3,1
1072,4289,6.4,0.3,0.33,5.2,0.05,30.0,137.0,0.99304,3.26,0.58,11.1,1
1073,4297,6.0,0.33,0.2,1.8,31.0,49.0,159.0,0.9919,3.41,0.53,11.0,1
1074,4300,6.7,0.21,0.34,1.4,49.0,36.0,112.0,0.99091,3.02,0.5,11.0,1
1075,4309,6.6,0.22,0.3,14.7,45.0,50.0,136.0,0.99704,3.14,0.37,10.6,1
1076,4310,6.7,0.37,0.25,2.5,28.0,24.0,84.0,0.9909,3.14,0.36,11.7,1
1077,4313,7.3,0.34,0.39,5.2,0.04,45.0,163.0,0.9925,3.3,0.47,12.4,1
1078,4322,6.8,0.19,0.32,7.05,19.0,54.0,188.0,0.9935,3.25,0.37,11.1,1
1079,4324,7.6,0.3,0.22,10.2,49.0,57.0,191.0,0.9966,3.08,0.4,9.3,1
1080,4327,7.1,0.17,0.4,14.55,47.0,47.0,156.0,0.99945,3.34,0.78,9.1,1
1081,4329,7.2,0.27,0.42,1.6,0.05,35.0,135.0,0.992,2.94,0.46,11.0,1
1082,4333,7.5,0.16,0.38,12.7,43.0,70.5,163.0,0.99706,3.15,0.82,10.4,1
1083,4338,7.9,0.35,0.24,15.6,72.0,44.0,229.0,0.99785,3.03,0.59,10.5,1
1084,4340,7.1,0.12,0.3,3.1,18.0,15.0,37.0,0.99004,3.02,0.52,11.9,1
1085,4350,5.2,0.25,0.23,1.4,47.0,20.0,77.0,0.99001,3.32,0.62,11.4,1
1086,4358,6.4,0.34,0.2,14.9,0.06,37.0,162.0,0.9983,3.13,0.45,9.0,1
1087,4361,6.4,0.25,0.32,0.9,34.0,40.0,114.0,0.99114,3.31,0.58,10.8,1
1088,4364,7.7,0.28,0.39,8.9,36.0,8.0,117.0,0.9935,3.06,0.38,12.0,1
1089,4365,5.9,0.22,0.45,22.6,0.12,55.0,122.0,0.99636,3.1,0.35,12.8,1
1090,4366,9.2,0.18,0.49,1.5,41.0,39.0,130.0,0.9945,3.04,0.49,9.8,1
1091,4375,6.8,0.32,0.32,8.7,29.0,31.0,105.0,0.99146,3.0,0.34,12.3,1
1092,4382,6.7,0.26,0.3,1.8,43.0,25.0,121.0,0.9944,3.44,0.61,10.2,1
1093,4384,6.2,0.36,0.14,8.9,36.0,38.0,155.0,0.99622,3.27,0.5,9.4,1
1094,4386,6.8,0.14,0.35,1.5,47.0,40.0,117.0,0.99111,3.07,0.72,11.1,1
1095,4389,7.0,0.15,0.29,16.4,58.0,45.0,110.0,0.9978,3.15,0.37,9.7,1
1096,4390,6.4,0.31,0.28,2.5,39.0,34.0,137.0,0.98946,3.22,0.38,12.7,1
1097,4399,6.5,0.26,0.39,1.4,0.02,12.0,66.0,0.99089,3.25,0.75,11.3,1
1098,4402,7.5,0.18,0.37,6.2,0.05,21.0,138.0,0.99546,3.2,0.55,10.5,1
1099,4407,6.2,0.26,0.19,3.4,49.0,47.0,172.0,0.9924,3.14,0.43,10.4,1
1100,4408,8.7,0.31,0.21,5.6,39.0,28.0,67.0,0.99328,2.96,0.52,11.0,1
1101,4409,8.3,0.16,0.37,7.9,25.0,38.0,107.0,0.99306,2.93,0.37,11.9,1
1102,4412,6.6,0.28,0.41,7.0,46.0,59.0,194.0,0.99558,3.14,0.48,9.4,1
1103,4414,6.2,0.2,0.25,15.0,55.0,8.0,120.0,0.99767,3.19,0.53,9.6,1
1104,4415,7.3,0.24,0.34,15.4,0.05,38.0,174.0,0.9983,3.03,0.42,9.0,1
1105,4417,6.15,0.21,0.37,3.2,21.0,20.0,80.0,0.99076,3.39,0.47,12.0,1
1106,4418,6.0,0.31,0.32,7.4,175.0,47.0,159.0,0.9952,3.19,0.5,9.4,1
1107,4419,7.0,0.24,0.3,4.2,0.04,41.0,213.0,0.9927,3.28,0.49,11.8,1
1108,4420,7.0,0.16,0.25,14.3,44.0,27.0,149.0,0.998,2.91,0.46,9.2,1
1109,4424,6.1,0.27,0.3,16.7,39.0,49.0,172.0,0.99985,3.4,0.45,9.4,1
1110,4429,6.3,0.2,0.26,12.7,46.0,60.0,143.0,0.99526,3.26,0.35,10.8,1
1111,4436,6.5,0.46,0.24,11.5,51.0,56.0,171.0,0.99588,3.08,0.56,9.8,1
1112,4440,6.2,0.28,0.41,5.0,43.0,50.0,188.0,0.99318,3.23,0.64,10.8,1
1113,4441,6.4,0.29,0.44,3.6,0.2,75.0,181.0,0.9942,3.02,0.41,9.1,1
1114,4442,6.7,0.27,0.26,2.3,43.0,61.0,181.0,0.99394,3.45,0.63,10.6,1
1115,4445,6.7,0.16,0.32,12.5,35.0,18.0,156.0,0.99666,2.88,0.36,9.0,1
1116,4447,4.8,0.21,0.21,10.2,37.0,17.0,112.0,0.99324,3.66,0.48,12.2,1
1117,4448,6.8,0.21,0.74,1.2,47.0,25.0,111.0,0.9916,3.13,0.41,10.7,1
1118,4452,7.7,0.28,0.35,15.3,56.0,31.0,117.0,0.9998,3.27,0.5,9.6,1
1119,4463,5.1,0.305,0.13,1.75,36.0,17.0,73.0,0.99,3.4,0.51,12.3333333333333,1
1120,4466,7.7,0.35,0.46,11.8,88.0,61.0,183.0,0.99786,2.86,0.47,9.0,1
1121,4468,8.7,0.3,0.34,4.8,18.0,23.0,127.0,0.99474,3.12,0.49,11.2,1
1122,4480,4.7,0.335,0.14,1.3,36.0,69.0,168.0,0.99212,3.47,0.46,10.5,1
1123,4481,5.2,0.2,0.27,3.2,47.0,16.0,93.0,0.99235,3.44,0.53,10.1,1
1124,4483,7.5,0.27,0.36,7.0,36.0,45.0,164.0,0.9939,3.03,0.33,11.0,1
1125,4492,6.5,0.3,0.27,4.0,38.0,37.0,97.0,0.99026,3.2,0.6,12.6,1
1126,4493,6.8,0.19,0.33,4.9,47.0,42.0,130.0,0.99283,3.12,0.56,11.0,1
1127,4496,7.0,0.12,0.19,4.9,55.0,27.0,127.0,0.9953,3.29,0.41,9.4,1
1128,4499,6.7,0.23,0.33,1.8,36.0,23.0,96.0,0.9925,3.32,0.4,10.8,1
1129,4502,6.6,0.3,0.25,8.0,36.0,21.0,124.0,0.99362,3.06,0.38,10.8,1
1130,4503,7.4,0.26,0.31,7.6,47.0,52.0,177.0,0.9962,3.13,0.45,8.9,1
1131,4505,6.0,0.24,0.34,1.0,36.0,52.0,184.0,0.99097,3.44,0.44,11.45,1
1132,4508,6.6,0.14,0.44,1.6,42.0,47.0,140.0,0.993,3.32,0.51,10.2,1
1133,4513,5.8,0.28,0.18,1.2,58.0,7.0,108.0,0.99288,3.23,0.58,9.55,1
1134,4515,7.0,0.26,0.34,10.9,38.0,25.0,84.0,0.99432,3.11,0.34,10.9,1
1135,4516,6.7,0.31,0.44,6.7,54.0,29.0,160.0,0.9952,3.04,0.44,9.6,1
1136,4517,6.2,0.28,0.27,10.3,0.03,26.0,108.0,0.99388,3.2,0.36,10.7,1
1137,4519,6.9,0.23,0.41,8.0,0.03,30.0,114.0,0.99368,3.22,0.54,11.0,1
1138,4522,5.1,0.52,0.06,2.7,52.0,30.0,79.0,0.9932,3.32,0.43,9.3,1
1139,4529,5.8,0.2,0.27,1.4,31.0,12.0,77.0,0.9905,3.25,0.36,10.9,1
1140,4538,7.2,0.2,0.61,16.2,43.0,14.0,103.0,0.9987,3.06,0.36,9.2,1
1141,4541,5.8,0.32,0.28,4.3,32.0,46.0,115.0,0.98946,3.16,0.57,13.0,1
1142,4550,7.1,0.25,0.39,2.1,36.0,30.0,124.0,0.9908,3.28,0.43,12.2,1
1143,4557,5.1,0.33,0.27,6.7,22.0,44.0,129.0,0.99221,3.36,0.39,11.0,1
1144,4559,7.3,0.24,0.34,7.5,48.0,29.0,152.0,0.9962,3.1,0.54,9.0,1
1145,4565,5.4,0.5,0.13,5.0,28.0,12.0,107.0,0.99079,3.48,0.88,13.5,1
1146,4578,7.1,0.22,0.33,2.8,33.0,48.0,153.0,0.9899,3.15,0.38,12.7,1
1147,4582,6.5,0.44,0.47,5.45,14.0,44.0,137.0,0.98984,3.13,0.32,13.0,1
1148,4586,6.4,0.26,0.49,6.4,37.0,37.0,161.0,0.9954,3.38,0.53,9.7,1
1149,4591,5.5,0.35,0.35,1.1,45.0,14.0,167.0,0.992,3.34,0.68,9.9,1
1150,4592,7.2,0.24,0.3,1.6,48.0,27.0,131.0,0.9933,3.25,0.45,10.5,1
1151,4598,6.3,0.22,0.57,1.4,208.0,14.0,96.0,0.9932,3.16,0.43,10.0,1
1152,4602,6.8,0.24,0.33,3.2,49.0,68.0,161.0,0.99324,3.1,0.69,10.2,1
1153,4603,6.4,0.28,0.19,5.4,42.0,67.0,181.0,0.99435,3.31,0.35,10.2,1
1154,4611,5.3,0.47,0.1,1.3,36.0,11.0,74.0,0.99082,3.48,0.54,11.2,1
1155,4614,4.8,0.13,0.32,1.2,42.0,40.0,98.0,0.9898,3.42,0.64,11.8,1
1156,4621,7.3,0.23,0.24,0.9,31.0,29.0,86.0,0.98926,2.9,0.38,12.2,1
1157,4624,7.6,0.15,0.35,4.3,51.0,23.0,98.0,0.99422,3.1,0.44,9.5,1
1158,4625,5.6,0.23,0.29,3.1,23.0,19.0,89.0,0.99068,3.25,0.51,11.2,1
1159,4626,5.8,0.26,0.18,1.2,31.0,40.0,114.0,0.9908,3.42,0.4,11.0,1
1160,4628,7.6,0.26,0.47,1.6,68.0,5.0,55.0,0.9944,3.1,0.45,9.6,1
1161,4642,7.1,0.36,0.37,4.8,19.0,39.0,114.0,0.99036,3.08,0.49,12.7,1
1162,4646,7.7,0.24,0.27,1.8,51.0,52.0,190.0,0.9928,3.23,0.5,10.8,1
1163,4651,6.7,0.15,0.32,7.9,34.0,17.0,81.0,0.99512,3.29,0.31,10.0,1
